timestamp,true_label,raw_direction,final_direction,final_conviction,suppressed,suppress_reason
2024-10-01 03:45:00+00:00,PE,NEUTRAL,NEUTRAL,0.0,True,conviction_below_threshold (0.300 < 0.4)
2024-10-01 04:15:00+00:00,NEUTRAL,NEUTRAL,NEUTRAL,0.0,True,conviction_below_threshold (0.300 < 0.4)
2024-10-01 04:45:00+00:00,NEUTRAL,NEUTRAL,NEUTRAL,0.0,True,conviction_below_threshold (0.300 < 0.4)
2024-10-01 05:15:00+00:00,NEUTRAL,NEUTRAL,NEUTRAL,0.0,True,conviction_below_threshold (0.300 < 0.4)
2024-10-01 05:45:00+00:00,CE,NEUTRAL,NEUTRAL,0.0,True,conviction_below_threshold (0.300 < 0.4)
2024-10-01 06:15:00+00:00,NEUTRAL,NEUTRAL,NEUTRAL,0.0,True,conviction_below_threshold (0.300 < 0.4)
2024-10-01 06:45:00+00:00,CE,NEUTRAL,NEUTRAL,0.0,True,conviction_below_threshold (0.300 < 0.4)
2024-10-01 07:15:00+00:00,CE,NEUTRAL,NEUTRAL,0.0,True,conviction_below_threshold (0.300 < 0.4)
2024-10-01 07:45:00+00:00,PE,NEUTRAL,NEUTRAL,0.0,True,conviction_below_threshold (0.300 < 0.4)
2024-10-01 08:15:00+00:00,NEUTRAL,NEUTRAL,NEUTRAL,0.0,True,conviction_below_threshold (0.300 < 0.4)
2024-10-01 08:45:00+00:00,NEUTRAL,NEUTRAL,NEUTRAL,0.0,True,conviction_below_threshold (0.300 < 0.4)
2024-10-01 09:15:00+00:00,NEUTRAL,NEUTRAL,NEUTRAL,0.0,True,conviction_below_threshold (0.300 < 0.4)
2024-10-01 09:45:00+00:00,CE,NEUTRAL,NEUTRAL,0.0,True,conviction_below_threshold (0.300 < 0.4)
2024-10-02 03:45:00+00:00,NEUTRAL,NEUTRAL,NEUTRAL,0.0,True,conviction_below_threshold (0.300 < 0.4)
2024-10-02 04:15:00+00:00,CE,NEUTRAL,NEUTRAL,0.0,True,conviction_below_threshold (0.300 < 0.4)
2024-10-02 04:45:00+00:00,NEUTRAL,NEUTRAL,NEUTRAL,0.0,True,conviction_below_threshold (0.300 < 0.4)
2024-10-02 05:15:00+00:00,CE,NEUTRAL,NEUTRAL,0.0,True,conviction_below_threshold (0.300 < 0.4)
2024-10-02 05:45:00+00:00,NEUTRAL,NEUTRAL,NEUTRAL,0.0,True,conviction_below_threshold (0.300 < 0.4)
2024-10-02 06:15:00+00:00,NEUTRAL,NEUTRAL,NEUTRAL,0.0,True,conviction_below_threshold (0.300 < 0.4)
2024-10-02 06:45:00+00:00,PE,NEUTRAL,NEUTRAL,0.0,True,conviction_below_threshold (0.300 < 0.4)
2024-10-02 07:15:00+00:00,CE,NEUTRAL,NEUTRAL,0.0,True,conviction_below_threshold (0.300 < 0.4)
2024-10-02 07:45:00+00:00,NEUTRAL,NEUTRAL,NEUTRAL,0.0,True,conviction_below_threshold (0.300 < 0.4)
2024-10-02 08:15:00+00:00,NEUTRAL,NEUTRAL,NEUTRAL,0.0,True,conviction_below_threshold (0.300 < 0.4)
2024-10-02 08:45:00+00:00,NEUTRAL,NEUTRAL,NEUTRAL,0.0,True,conviction_below_threshold (0.300 < 0.4)
2024-10-02 09:15:00+00:00,NEUTRAL,NEUTRAL,NEUTRAL,0.0,True,conviction_below_threshold (0.300 < 0.4)
2024-10-02 09:45:00+00:00,CE,NEUTRAL,NEUTRAL,0.0,True,conviction_below_threshold (0.300 < 0.4)
2024-10-03 03:45:00+00:00,NEUTRAL,NEUTRAL,NEUTRAL,0.0,True,conviction_below_threshold (0.300 < 0.4)
2024-10-03 04:15:00+00:00,CE,NEUTRAL,NEUTRAL,0.0,True,conviction_below_threshold (0.300 < 0.4)
2024-10-03 04:45:00+00:00,PE,NEUTRAL,NEUTRAL,0.0,True,conviction_below_threshold (0.300 < 0.4)
2024-10-03 05:15:00+00:00,NEUTRAL,NEUTRAL,NEUTRAL,0.0,True,conviction_below_threshold (0.300 < 0.4)
2024-10-03 05:45:00+00:00,NEUTRAL,NEUTRAL,NEUTRAL,0.0,True,conviction_below_threshold (0.300 < 0.4)
2024-10-03 06:15:00+00:00,NEUTRAL,NEUTRAL,NEUTRAL,0.0,True,conviction_below_threshold (0.300 < 0.4)
2024-10-03 06:45:00+00:00,CE,NEUTRAL,NEUTRAL,0.0,True,conviction_below_threshold (0.300 < 0.4)
2024-10-03 07:15:00+00:00,PE,NEUTRAL,NEUTRAL,0.0,True,conviction_below_threshold (0.300 < 0.4)
2024-10-03 07:45:00+00:00,CE,NEUTRAL,NEUTRAL,0.0,True,conviction_below_threshold (0.300 < 0.4)
2024-10-03 08:15:00+00:00,NEUTRAL,NEUTRAL,NEUTRAL,0.0,True,conviction_below_threshold (0.300 < 0.4)
2024-10-03 08:45:00+00:00,CE,NEUTRAL,NEUTRAL,0.0,True,conviction_below_threshold (0.300 < 0.4)
2024-10-03 09:15:00+00:00,CE,NEUTRAL,NEUTRAL,0.0,True,conviction_below_threshold (0.300 < 0.4)
2024-10-03 09:45:00+00:00,CE,NEUTRAL,NEUTRAL,0.0,True,conviction_below_threshold (0.300 < 0.4)
2024-10-04 03:45:00+00:00,NEUTRAL,NEUTRAL,NEUTRAL,0.0,True,conviction_below_threshold (0.300 < 0.4)
2024-10-04 04:15:00+00:00,CE,NEUTRAL,NEUTRAL,0.0,True,conviction_below_threshold (0.300 < 0.4)
2024-10-04 04:45:00+00:00,CE,NEUTRAL,NEUTRAL,0.0,True,conviction_below_threshold (0.300 < 0.4)
2024-10-04 05:15:00+00:00,CE,NEUTRAL,NEUTRAL,0.0,True,conviction_below_threshold (0.300 < 0.4)
2024-10-04 05:45:00+00:00,PE,NEUTRAL,NEUTRAL,0.0,True,conviction_below_threshold (0.300 < 0.4)
2024-10-04 06:15:00+00:00,PE,NEUTRAL,NEUTRAL,0.0,True,conviction_below_threshold (0.300 < 0.4)
2024-10-04 06:45:00+00:00,CE,NEUTRAL,NEUTRAL,0.0,True,conviction_below_threshold (0.300 < 0.4)
2024-10-04 07:15:00+00:00,PE,NEUTRAL,NEUTRAL,0.0,True,conviction_below_threshold (0.300 < 0.4)
2024-10-04 07:45:00+00:00,PE,NEUTRAL,NEUTRAL,0.0,True,conviction_below_threshold (0.300 < 0.4)
2024-10-04 08:15:00+00:00,NEUTRAL,NEUTRAL,NEUTRAL,0.0,True,conviction_below_threshold (0.300 < 0.4)
2024-10-04 08:45:00+00:00,PE,NEUTRAL,NEUTRAL,0.0,True,conviction_below_threshold (0.300 < 0.4)
2024-10-04 09:15:00+00:00,CE,NEUTRAL,NEUTRAL,0.0,True,conviction_below_threshold (0.300 < 0.4)
2024-10-04 09:45:00+00:00,CE,NEUTRAL,NEUTRAL,0.0,True,conviction_below_threshold (0.300 < 0.4)
2024-10-07 03:45:00+00:00,CE,NEUTRAL,NEUTRAL,0.0,True,conviction_below_threshold (0.300 < 0.4)
2024-10-07 04:15:00+00:00,PE,NEUTRAL,NEUTRAL,0.0,True,conviction_below_threshold (0.300 < 0.4)
2024-10-07 04:45:00+00:00,NEUTRAL,NEUTRAL,NEUTRAL,0.0,True,conviction_below_threshold (0.300 < 0.4)
2024-10-07 05:15:00+00:00,NEUTRAL,NEUTRAL,NEUTRAL,0.0,True,conviction_below_threshold (0.300 < 0.4)
2024-10-07 05:45:00+00:00,CE,NEUTRAL,NEUTRAL,0.0,True,conviction_below_threshold (0.300 < 0.4)
2024-10-07 06:15:00+00:00,CE,NEUTRAL,NEUTRAL,0.0,True,conviction_below_threshold (0.300 < 0.4)
2024-10-07 06:45:00+00:00,NEUTRAL,NEUTRAL,NEUTRAL,0.0,True,conviction_below_threshold (0.300 < 0.4)
2024-10-07 07:15:00+00:00,CE,NEUTRAL,NEUTRAL,0.0,True,conviction_below_threshold (0.300 < 0.4)
2024-10-07 07:45:00+00:00,CE,NEUTRAL,NEUTRAL,0.0,True,conviction_below_threshold (0.300 < 0.4)
2024-10-07 08:15:00+00:00,NEUTRAL,NEUTRAL,NEUTRAL,0.0,True,conviction_below_threshold (0.300 < 0.4)
2024-10-07 08:45:00+00:00,NEUTRAL,NEUTRAL,NEUTRAL,0.0,True,conviction_below_threshold (0.300 < 0.4)
2024-10-07 09:15:00+00:00,NEUTRAL,NEUTRAL,NEUTRAL,0.0,True,conviction_below_threshold (0.300 < 0.4)
2024-10-07 09:45:00+00:00,CE,NEUTRAL,NEUTRAL,0.0,True,conviction_below_threshold (0.300 < 0.4)
2024-10-08 03:45:00+00:00,PE,NEUTRAL,NEUTRAL,0.0,True,conviction_below_threshold (0.300 < 0.4)
2024-10-08 04:15:00+00:00,PE,NEUTRAL,NEUTRAL,0.0,True,conviction_below_threshold (0.300 < 0.4)
2024-10-08 04:45:00+00:00,CE,NEUTRAL,NEUTRAL,0.0,True,conviction_below_threshold (0.300 < 0.4)
2024-10-08 05:15:00+00:00,NEUTRAL,NEUTRAL,NEUTRAL,0.0,True,conviction_below_threshold (0.300 < 0.4)
2024-10-08 05:45:00+00:00,CE,NEUTRAL,NEUTRAL,0.0,True,conviction_below_threshold (0.300 < 0.4)
2024-10-08 06:15:00+00:00,NEUTRAL,NEUTRAL,NEUTRAL,0.0,True,conviction_below_threshold (0.300 < 0.4)
2024-10-08 06:45:00+00:00,CE,NEUTRAL,NEUTRAL,0.0,True,conviction_below_threshold (0.300 < 0.4)
2024-10-08 07:15:00+00:00,NEUTRAL,NEUTRAL,NEUTRAL,0.0,True,conviction_below_threshold (0.300 < 0.4)
2024-10-08 07:45:00+00:00,CE,NEUTRAL,NEUTRAL,0.0,True,conviction_below_threshold (0.300 < 0.4)
2024-10-08 08:15:00+00:00,PE,NEUTRAL,NEUTRAL,0.0,True,conviction_below_threshold (0.300 < 0.4)
2024-10-08 08:45:00+00:00,CE,NEUTRAL,NEUTRAL,0.0,True,conviction_below_threshold (0.300 < 0.4)
2024-10-08 09:15:00+00:00,CE,NEUTRAL,NEUTRAL,0.0,True,conviction_below_threshold (0.300 < 0.4)
2024-10-08 09:45:00+00:00,NEUTRAL,NEUTRAL,NEUTRAL,0.0,True,conviction_below_threshold (0.300 < 0.4)
2024-10-09 03:45:00+00:00,NEUTRAL,NEUTRAL,NEUTRAL,0.0,True,conviction_below_threshold (0.300 < 0.4)
2024-10-09 04:15:00+00:00,PE,NEUTRAL,NEUTRAL,0.0,True,conviction_below_threshold (0.300 < 0.4)
2024-10-09 04:45:00+00:00,NEUTRAL,NEUTRAL,NEUTRAL,0.0,True,conviction_below_threshold (0.300 < 0.4)
2024-10-09 05:15:00+00:00,NEUTRAL,NEUTRAL,NEUTRAL,0.0,True,conviction_below_threshold (0.300 < 0.4)
2024-10-09 05:45:00+00:00,NEUTRAL,NEUTRAL,NEUTRAL,0.0,True,conviction_below_threshold (0.300 < 0.4)
2024-10-09 06:15:00+00:00,PE,NEUTRAL,NEUTRAL,0.0,True,conviction_below_threshold (0.300 < 0.4)
2024-10-09 06:45:00+00:00,CE,NEUTRAL,NEUTRAL,0.0,True,conviction_below_threshold (0.300 < 0.4)
2024-10-09 07:15:00+00:00,PE,NEUTRAL,NEUTRAL,0.0,True,conviction_below_threshold (0.300 < 0.4)
2024-10-09 07:45:00+00:00,CE,NEUTRAL,NEUTRAL,0.0,True,conviction_below_threshold (0.300 < 0.4)
2024-10-09 08:15:00+00:00,NEUTRAL,NEUTRAL,NEUTRAL,0.0,True,conviction_below_threshold (0.300 < 0.4)
2024-10-09 08:45:00+00:00,CE,NEUTRAL,NEUTRAL,0.0,True,conviction_below_threshold (0.300 < 0.4)
2024-10-09 09:15:00+00:00,PE,NEUTRAL,NEUTRAL,0.0,True,conviction_below_threshold (0.300 < 0.4)
2024-10-09 09:45:00+00:00,PE,NEUTRAL,NEUTRAL,0.0,True,conviction_below_threshold (0.300 < 0.4)
2024-10-10 03:45:00+00:00,CE,NEUTRAL,NEUTRAL,0.0,True,conviction_below_threshold (0.300 < 0.4)
2024-10-10 04:15:00+00:00,PE,NEUTRAL,NEUTRAL,0.0,True,conviction_below_threshold (0.300 < 0.4)
2024-10-10 04:45:00+00:00,PE,NEUTRAL,NEUTRAL,0.0,True,conviction_below_threshold (0.300 < 0.4)
2024-10-10 05:15:00+00:00,PE,NEUTRAL,NEUTRAL,0.0,True,conviction_below_threshold (0.300 < 0.4)
2024-10-10 05:45:00+00:00,CE,NEUTRAL,NEUTRAL,0.0,True,conviction_below_threshold (0.300 < 0.4)
2024-10-10 06:15:00+00:00,NEUTRAL,NEUTRAL,NEUTRAL,0.0,True,conviction_below_threshold (0.300 < 0.4)
2024-10-10 06:45:00+00:00,NEUTRAL,NEUTRAL,NEUTRAL,0.0,True,conviction_below_threshold (0.300 < 0.4)
2024-10-10 07:15:00+00:00,PE,NEUTRAL,NEUTRAL,0.0,True,conviction_below_threshold (0.300 < 0.4)
2024-10-10 07:45:00+00:00,PE,NEUTRAL,NEUTRAL,0.0,True,conviction_below_threshold (0.300 < 0.4)
2024-10-10 08:15:00+00:00,PE,NEUTRAL,NEUTRAL,0.0,True,conviction_below_threshold (0.300 < 0.4)
2024-10-10 08:45:00+00:00,NEUTRAL,NEUTRAL,NEUTRAL,0.0,True,conviction_below_threshold (0.300 < 0.4)
2024-10-10 09:15:00+00:00,NEUTRAL,NEUTRAL,NEUTRAL,0.0,True,conviction_below_threshold (0.300 < 0.4)
2024-10-10 09:45:00+00:00,PE,NEUTRAL,NEUTRAL,0.0,True,conviction_below_threshold (0.300 < 0.4)
2024-10-11 03:45:00+00:00,PE,NEUTRAL,NEUTRAL,0.0,True,conviction_below_threshold (0.300 < 0.4)
2024-10-11 04:15:00+00:00,NEUTRAL,NEUTRAL,NEUTRAL,0.0,True,conviction_below_threshold (0.300 < 0.4)
2024-10-11 04:45:00+00:00,PE,NEUTRAL,NEUTRAL,0.0,True,conviction_below_threshold (0.300 < 0.4)
2024-10-11 05:15:00+00:00,PE,NEUTRAL,NEUTRAL,0.0,True,conviction_below_threshold (0.300 < 0.4)
2024-10-11 05:45:00+00:00,CE,NEUTRAL,NEUTRAL,0.0,True,conviction_below_threshold (0.300 < 0.4)
2024-10-11 06:15:00+00:00,PE,NEUTRAL,NEUTRAL,0.0,True,conviction_below_threshold (0.300 < 0.4)
2024-10-11 06:45:00+00:00,PE,NEUTRAL,NEUTRAL,0.0,True,conviction_below_threshold (0.300 < 0.4)
2024-10-11 07:15:00+00:00,NEUTRAL,NEUTRAL,NEUTRAL,0.0,True,conviction_below_threshold (0.300 < 0.4)
2024-10-11 07:45:00+00:00,PE,NEUTRAL,NEUTRAL,0.0,True,conviction_below_threshold (0.300 < 0.4)
2024-10-11 08:15:00+00:00,PE,NEUTRAL,NEUTRAL,0.0,True,conviction_below_threshold (0.300 < 0.4)
2024-10-11 08:45:00+00:00,NEUTRAL,NEUTRAL,NEUTRAL,0.0,True,conviction_below_threshold (0.300 < 0.4)
2024-10-11 09:15:00+00:00,PE,NEUTRAL,NEUTRAL,0.0,True,conviction_below_threshold (0.300 < 0.4)
2024-10-11 09:45:00+00:00,CE,NEUTRAL,NEUTRAL,0.0,True,conviction_below_threshold (0.300 < 0.4)
2024-10-14 03:45:00+00:00,NEUTRAL,NEUTRAL,NEUTRAL,0.0,True,conviction_below_threshold (0.300 < 0.4)
2024-10-14 04:15:00+00:00,CE,NEUTRAL,NEUTRAL,0.0,True,conviction_below_threshold (0.300 < 0.4)
2024-10-14 04:45:00+00:00,PE,NEUTRAL,NEUTRAL,0.0,True,conviction_below_threshold (0.300 < 0.4)
2024-10-14 05:15:00+00:00,PE,NEUTRAL,NEUTRAL,0.0,True,conviction_below_threshold (0.300 < 0.4)
2024-10-14 05:45:00+00:00,PE,NEUTRAL,NEUTRAL,0.0,True,conviction_below_threshold (0.300 < 0.4)
2024-10-14 06:15:00+00:00,CE,NEUTRAL,NEUTRAL,0.0,True,conviction_below_threshold (0.300 < 0.4)
2024-10-14 06:45:00+00:00,NEUTRAL,NEUTRAL,NEUTRAL,0.0,True,conviction_below_threshold (0.300 < 0.4)
2024-10-14 07:15:00+00:00,NEUTRAL,NEUTRAL,NEUTRAL,0.0,True,conviction_below_threshold (0.300 < 0.4)
2024-10-14 07:45:00+00:00,PE,NEUTRAL,NEUTRAL,0.0,True,conviction_below_threshold (0.300 < 0.4)
2024-10-14 08:15:00+00:00,PE,NEUTRAL,NEUTRAL,0.0,True,conviction_below_threshold (0.300 < 0.4)
2024-10-14 08:45:00+00:00,PE,NEUTRAL,NEUTRAL,0.0,True,conviction_below_threshold (0.300 < 0.4)
2024-10-14 09:15:00+00:00,CE,NEUTRAL,NEUTRAL,0.0,True,conviction_below_threshold (0.300 < 0.4)
2024-10-14 09:45:00+00:00,NEUTRAL,NEUTRAL,NEUTRAL,0.0,True,conviction_below_threshold (0.300 < 0.4)
2024-10-15 03:45:00+00:00,PE,NEUTRAL,NEUTRAL,0.0,True,conviction_below_threshold (0.300 < 0.4)
2024-10-15 04:15:00+00:00,NEUTRAL,NEUTRAL,NEUTRAL,0.0,True,conviction_below_threshold (0.300 < 0.4)
2024-10-15 04:45:00+00:00,CE,NEUTRAL,NEUTRAL,0.0,True,conviction_below_threshold (0.300 < 0.4)
2024-10-15 05:15:00+00:00,NEUTRAL,NEUTRAL,NEUTRAL,0.0,True,conviction_below_threshold (0.300 < 0.4)
2024-10-15 05:45:00+00:00,NEUTRAL,NEUTRAL,NEUTRAL,0.0,True,conviction_below_threshold (0.300 < 0.4)
2024-10-15 06:15:00+00:00,NEUTRAL,NEUTRAL,NEUTRAL,0.0,True,conviction_below_threshold (0.300 < 0.4)
2024-10-15 06:45:00+00:00,PE,NEUTRAL,NEUTRAL,0.0,True,conviction_below_threshold (0.300 < 0.4)
2024-10-15 07:15:00+00:00,NEUTRAL,NEUTRAL,NEUTRAL,0.0,True,conviction_below_threshold (0.300 < 0.4)
2024-10-15 07:45:00+00:00,NEUTRAL,NEUTRAL,NEUTRAL,0.0,True,conviction_below_threshold (0.300 < 0.4)
2024-10-15 08:15:00+00:00,NEUTRAL,NEUTRAL,NEUTRAL,0.0,True,conviction_below_threshold (0.300 < 0.4)
2024-10-15 08:45:00+00:00,PE,NEUTRAL,NEUTRAL,0.0,True,conviction_below_threshold (0.300 < 0.4)
2024-10-15 09:15:00+00:00,PE,NEUTRAL,NEUTRAL,0.0,True,conviction_below_threshold (0.300 < 0.4)
2024-10-15 09:45:00+00:00,PE,NEUTRAL,NEUTRAL,0.0,True,conviction_below_threshold (0.300 < 0.4)
2024-10-16 03:45:00+00:00,CE,NEUTRAL,NEUTRAL,0.0,True,conviction_below_threshold (0.300 < 0.4)
2024-10-16 04:15:00+00:00,NEUTRAL,NEUTRAL,NEUTRAL,0.0,True,conviction_below_threshold (0.300 < 0.4)
2024-10-16 04:45:00+00:00,PE,NEUTRAL,NEUTRAL,0.0,True,conviction_below_threshold (0.300 < 0.4)
2024-10-16 05:15:00+00:00,NEUTRAL,NEUTRAL,NEUTRAL,0.0,True,conviction_below_threshold (0.300 < 0.4)
2024-10-16 05:45:00+00:00,NEUTRAL,NEUTRAL,NEUTRAL,0.0,True,conviction_below_threshold (0.300 < 0.4)
2024-10-16 06:15:00+00:00,PE,NEUTRAL,NEUTRAL,0.0,True,conviction_below_threshold (0.300 < 0.4)
2024-10-16 06:45:00+00:00,CE,NEUTRAL,NEUTRAL,0.0,True,conviction_below_threshold (0.300 < 0.4)
2024-10-16 07:15:00+00:00,NEUTRAL,NEUTRAL,NEUTRAL,0.0,True,conviction_below_threshold (0.300 < 0.4)
2024-10-16 07:45:00+00:00,CE,NEUTRAL,NEUTRAL,0.0,True,conviction_below_threshold (0.300 < 0.4)
2024-10-16 08:15:00+00:00,CE,NEUTRAL,NEUTRAL,0.0,True,conviction_below_threshold (0.300 < 0.4)
2024-10-16 08:45:00+00:00,CE,NEUTRAL,NEUTRAL,0.0,True,conviction_below_threshold (0.300 < 0.4)
2024-10-16 09:15:00+00:00,NEUTRAL,NEUTRAL,NEUTRAL,0.0,True,conviction_below_threshold (0.300 < 0.4)
2024-10-16 09:45:00+00:00,PE,NEUTRAL,NEUTRAL,0.0,True,conviction_below_threshold (0.300 < 0.4)
2024-10-17 03:45:00+00:00,NEUTRAL,NEUTRAL,NEUTRAL,0.0,True,conviction_below_threshold (0.300 < 0.4)
2024-10-17 04:15:00+00:00,PE,NEUTRAL,NEUTRAL,0.0,True,conviction_below_threshold (0.300 < 0.4)
2024-10-17 04:45:00+00:00,PE,NEUTRAL,NEUTRAL,0.0,True,conviction_below_threshold (0.300 < 0.4)
2024-10-17 05:15:00+00:00,NEUTRAL,NEUTRAL,NEUTRAL,0.0,True,conviction_below_threshold (0.300 < 0.4)
2024-10-17 05:45:00+00:00,NEUTRAL,NEUTRAL,NEUTRAL,0.0,True,conviction_below_threshold (0.300 < 0.4)
2024-10-17 06:15:00+00:00,CE,NEUTRAL,NEUTRAL,0.0,True,conviction_below_threshold (0.300 < 0.4)
2024-10-17 06:45:00+00:00,NEUTRAL,NEUTRAL,NEUTRAL,0.0,True,conviction_below_threshold (0.300 < 0.4)
2024-10-17 07:15:00+00:00,CE,NEUTRAL,NEUTRAL,0.0,True,conviction_below_threshold (0.300 < 0.4)
2024-10-17 07:45:00+00:00,NEUTRAL,NEUTRAL,NEUTRAL,0.0,True,conviction_below_threshold (0.300 < 0.4)
2024-10-17 08:15:00+00:00,NEUTRAL,NEUTRAL,NEUTRAL,0.0,True,conviction_below_threshold (0.300 < 0.4)
2024-10-17 08:45:00+00:00,NEUTRAL,NEUTRAL,NEUTRAL,0.0,True,conviction_below_threshold (0.300 < 0.4)
2024-10-17 09:15:00+00:00,PE,NEUTRAL,NEUTRAL,0.0,True,conviction_below_threshold (0.300 < 0.4)
2024-10-17 09:45:00+00:00,NEUTRAL,NEUTRAL,NEUTRAL,0.0,True,conviction_below_threshold (0.300 < 0.4)
2024-10-18 03:45:00+00:00,PE,NEUTRAL,NEUTRAL,0.0,True,conviction_below_threshold (0.300 < 0.4)
2024-10-18 04:15:00+00:00,NEUTRAL,NEUTRAL,NEUTRAL,0.0,True,conviction_below_threshold (0.300 < 0.4)
2024-10-18 04:45:00+00:00,NEUTRAL,NEUTRAL,NEUTRAL,0.0,True,conviction_below_threshold (0.300 < 0.4)
2024-10-18 05:15:00+00:00,PE,NEUTRAL,NEUTRAL,0.0,True,conviction_below_threshold (0.300 < 0.4)
2024-10-18 05:45:00+00:00,PE,NEUTRAL,NEUTRAL,0.0,True,conviction_below_threshold (0.300 < 0.4)
2024-10-18 06:15:00+00:00,CE,NEUTRAL,NEUTRAL,0.0,True,conviction_below_threshold (0.300 < 0.4)
2024-10-18 06:45:00+00:00,NEUTRAL,NEUTRAL,NEUTRAL,0.0,True,conviction_below_threshold (0.300 < 0.4)
2024-10-18 07:15:00+00:00,PE,NEUTRAL,NEUTRAL,0.0,True,conviction_below_threshold (0.300 < 0.4)
2024-10-18 07:45:00+00:00,CE,NEUTRAL,NEUTRAL,0.0,True,conviction_below_threshold (0.300 < 0.4)
2024-10-18 08:15:00+00:00,NEUTRAL,NEUTRAL,NEUTRAL,0.0,True,conviction_below_threshold (0.300 < 0.4)
2024-10-18 08:45:00+00:00,NEUTRAL,NEUTRAL,NEUTRAL,0.0,True,conviction_below_threshold (0.300 < 0.4)
2024-10-18 09:15:00+00:00,NEUTRAL,NEUTRAL,NEUTRAL,0.0,True,conviction_below_threshold (0.300 < 0.4)
2024-10-18 09:45:00+00:00,NEUTRAL,NEUTRAL,NEUTRAL,0.0,True,conviction_below_threshold (0.300 < 0.4)
2024-10-21 03:45:00+00:00,NEUTRAL,NEUTRAL,NEUTRAL,0.0,True,conviction_below_threshold (0.300 < 0.4)
2024-10-21 04:15:00+00:00,PE,NEUTRAL,NEUTRAL,0.0,True,conviction_below_threshold (0.300 < 0.4)
2024-10-21 04:45:00+00:00,CE,NEUTRAL,NEUTRAL,0.0,True,conviction_below_threshold (0.300 < 0.4)
2024-10-21 05:15:00+00:00,NEUTRAL,NEUTRAL,NEUTRAL,0.0,True,conviction_below_threshold (0.300 < 0.4)
2024-10-21 05:45:00+00:00,CE,NEUTRAL,NEUTRAL,0.0,True,conviction_below_threshold (0.300 < 0.4)
2024-10-21 06:15:00+00:00,CE,NEUTRAL,NEUTRAL,0.0,True,conviction_below_threshold (0.300 < 0.4)
2024-10-21 06:45:00+00:00,NEUTRAL,NEUTRAL,NEUTRAL,0.0,True,conviction_below_threshold (0.300 < 0.4)
2024-10-21 07:15:00+00:00,NEUTRAL,NEUTRAL,NEUTRAL,0.0,True,conviction_below_threshold (0.300 < 0.4)
2024-10-21 07:45:00+00:00,NEUTRAL,NEUTRAL,NEUTRAL,0.0,True,conviction_below_threshold (0.300 < 0.4)
2024-10-21 08:15:00+00:00,PE,NEUTRAL,NEUTRAL,0.0,True,conviction_below_threshold (0.300 < 0.4)
2024-10-21 08:45:00+00:00,NEUTRAL,NEUTRAL,NEUTRAL,0.0,True,conviction_below_threshold (0.300 < 0.4)
2024-10-21 09:15:00+00:00,NEUTRAL,NEUTRAL,NEUTRAL,0.0,True,conviction_below_threshold (0.300 < 0.4)
2024-10-21 09:45:00+00:00,NEUTRAL,NEUTRAL,NEUTRAL,0.0,True,conviction_below_threshold (0.300 < 0.4)
2024-10-22 03:45:00+00:00,NEUTRAL,NEUTRAL,NEUTRAL,0.0,True,conviction_below_threshold (0.300 < 0.4)
2024-10-22 04:15:00+00:00,PE,NEUTRAL,NEUTRAL,0.0,True,conviction_below_threshold (0.300 < 0.4)
2024-10-22 04:45:00+00:00,CE,NEUTRAL,NEUTRAL,0.0,True,conviction_below_threshold (0.300 < 0.4)
2024-10-22 05:15:00+00:00,NEUTRAL,NEUTRAL,NEUTRAL,0.0,True,conviction_below_threshold (0.300 < 0.4)
2024-10-22 05:45:00+00:00,NEUTRAL,NEUTRAL,NEUTRAL,0.0,True,conviction_below_threshold (0.300 < 0.4)
2024-10-22 06:15:00+00:00,NEUTRAL,NEUTRAL,NEUTRAL,0.0,True,conviction_below_threshold (0.300 < 0.4)
2024-10-22 06:45:00+00:00,CE,NEUTRAL,NEUTRAL,0.0,True,conviction_below_threshold (0.300 < 0.4)
2024-10-22 07:15:00+00:00,PE,NEUTRAL,NEUTRAL,0.0,True,conviction_below_threshold (0.300 < 0.4)
2024-10-22 07:45:00+00:00,NEUTRAL,NEUTRAL,NEUTRAL,0.0,True,conviction_below_threshold (0.300 < 0.4)
2024-10-22 08:15:00+00:00,NEUTRAL,NEUTRAL,NEUTRAL,0.0,True,conviction_below_threshold (0.300 < 0.4)
2024-10-22 08:45:00+00:00,NEUTRAL,NEUTRAL,NEUTRAL,0.0,True,conviction_below_threshold (0.300 < 0.4)
2024-10-22 09:15:00+00:00,PE,NEUTRAL,NEUTRAL,0.0,True,conviction_below_threshold (0.300 < 0.4)
2024-10-22 09:45:00+00:00,NEUTRAL,NEUTRAL,NEUTRAL,0.0,True,conviction_below_threshold (0.300 < 0.4)
2024-10-23 03:45:00+00:00,NEUTRAL,NEUTRAL,NEUTRAL,0.0,True,conviction_below_threshold (0.300 < 0.4)
2024-10-23 04:15:00+00:00,CE,NEUTRAL,NEUTRAL,0.0,True,conviction_below_threshold (0.300 < 0.4)
2024-10-23 04:45:00+00:00,NEUTRAL,NEUTRAL,NEUTRAL,0.0,True,conviction_below_threshold (0.300 < 0.4)
2024-10-23 05:15:00+00:00,PE,NEUTRAL,NEUTRAL,0.0,True,conviction_below_threshold (0.300 < 0.4)
2024-10-23 05:45:00+00:00,PE,NEUTRAL,NEUTRAL,0.0,True,conviction_below_threshold (0.300 < 0.4)
2024-10-23 06:15:00+00:00,NEUTRAL,NEUTRAL,NEUTRAL,0.0,True,conviction_below_threshold (0.300 < 0.4)
2024-10-23 06:45:00+00:00,CE,NEUTRAL,NEUTRAL,0.0,True,conviction_below_threshold (0.300 < 0.4)
2024-10-23 07:15:00+00:00,NEUTRAL,NEUTRAL,NEUTRAL,0.0,True,conviction_below_threshold (0.300 < 0.4)
2024-10-23 07:45:00+00:00,NEUTRAL,NEUTRAL,NEUTRAL,0.0,True,conviction_below_threshold (0.300 < 0.4)
2024-10-23 08:15:00+00:00,NEUTRAL,NEUTRAL,NEUTRAL,0.0,True,conviction_below_threshold (0.300 < 0.4)
2024-10-23 08:45:00+00:00,NEUTRAL,NEUTRAL,NEUTRAL,0.0,True,conviction_below_threshold (0.300 < 0.4)
2024-10-23 09:15:00+00:00,CE,NEUTRAL,NEUTRAL,0.0,True,conviction_below_threshold (0.300 < 0.4)
2024-10-23 09:45:00+00:00,PE,NEUTRAL,NEUTRAL,0.0,True,conviction_below_threshold (0.300 < 0.4)
2024-10-24 03:45:00+00:00,NEUTRAL,NEUTRAL,NEUTRAL,0.0,True,conviction_below_threshold (0.300 < 0.4)
2024-10-24 04:15:00+00:00,NEUTRAL,NEUTRAL,NEUTRAL,0.0,True,conviction_below_threshold (0.300 < 0.4)
2024-10-24 04:45:00+00:00,PE,NEUTRAL,NEUTRAL,0.0,True,conviction_below_threshold (0.300 < 0.4)
2024-10-24 05:15:00+00:00,NEUTRAL,NEUTRAL,NEUTRAL,0.0,True,conviction_below_threshold (0.300 < 0.4)
2024-10-24 05:45:00+00:00,PE,NEUTRAL,NEUTRAL,0.0,True,conviction_below_threshold (0.300 < 0.4)
2024-10-24 06:15:00+00:00,CE,NEUTRAL,NEUTRAL,0.0,True,conviction_below_threshold (0.300 < 0.4)
2024-10-24 06:45:00+00:00,CE,NEUTRAL,NEUTRAL,0.0,True,conviction_below_threshold (0.300 < 0.4)
2024-10-24 07:15:00+00:00,CE,NEUTRAL,NEUTRAL,0.0,True,conviction_below_threshold (0.300 < 0.4)
2024-10-24 07:45:00+00:00,NEUTRAL,NEUTRAL,NEUTRAL,0.0,True,conviction_below_threshold (0.300 < 0.4)
2024-10-24 08:15:00+00:00,NEUTRAL,NEUTRAL,NEUTRAL,0.0,True,conviction_below_threshold (0.300 < 0.4)
2024-10-24 08:45:00+00:00,PE,NEUTRAL,NEUTRAL,0.0,True,conviction_below_threshold (0.300 < 0.4)
2024-10-24 09:15:00+00:00,CE,NEUTRAL,NEUTRAL,0.0,True,conviction_below_threshold (0.300 < 0.4)
2024-10-24 09:45:00+00:00,NEUTRAL,NEUTRAL,NEUTRAL,0.0,True,conviction_below_threshold (0.300 < 0.4)
2024-10-25 03:45:00+00:00,NEUTRAL,NEUTRAL,NEUTRAL,0.0,True,conviction_below_threshold (0.300 < 0.4)
2024-10-25 04:15:00+00:00,CE,NEUTRAL,NEUTRAL,0.0,True,conviction_below_threshold (0.300 < 0.4)
2024-10-25 04:45:00+00:00,NEUTRAL,NEUTRAL,NEUTRAL,0.0,True,conviction_below_threshold (0.300 < 0.4)
2024-10-25 05:15:00+00:00,NEUTRAL,NEUTRAL,NEUTRAL,0.0,True,conviction_below_threshold (0.300 < 0.4)
2024-10-25 05:45:00+00:00,CE,NEUTRAL,NEUTRAL,0.0,True,conviction_below_threshold (0.300 < 0.4)
2024-10-25 06:15:00+00:00,PE,NEUTRAL,NEUTRAL,0.0,True,conviction_below_threshold (0.300 < 0.4)
2024-10-25 06:45:00+00:00,CE,NEUTRAL,NEUTRAL,0.0,True,conviction_below_threshold (0.300 < 0.4)
2024-10-25 07:15:00+00:00,CE,NEUTRAL,NEUTRAL,0.0,True,conviction_below_threshold (0.300 < 0.4)
2024-10-25 07:45:00+00:00,NEUTRAL,NEUTRAL,NEUTRAL,0.0,True,conviction_below_threshold (0.300 < 0.4)
2024-10-25 08:15:00+00:00,PE,NEUTRAL,NEUTRAL,0.0,True,conviction_below_threshold (0.300 < 0.4)
2024-10-25 08:45:00+00:00,PE,NEUTRAL,NEUTRAL,0.0,True,conviction_below_threshold (0.300 < 0.4)
2024-10-25 09:15:00+00:00,PE,NEUTRAL,NEUTRAL,0.0,True,conviction_below_threshold (0.300 < 0.4)
2024-10-25 09:45:00+00:00,NEUTRAL,NEUTRAL,NEUTRAL,0.0,True,conviction_below_threshold (0.300 < 0.4)
2024-10-28 03:45:00+00:00,PE,NEUTRAL,NEUTRAL,0.0,True,conviction_below_threshold (0.300 < 0.4)
2024-10-28 04:15:00+00:00,NEUTRAL,NEUTRAL,NEUTRAL,0.0,True,conviction_below_threshold (0.300 < 0.4)
2024-10-28 04:45:00+00:00,NEUTRAL,NEUTRAL,NEUTRAL,0.0,True,conviction_below_threshold (0.300 < 0.4)
2024-10-28 05:15:00+00:00,PE,NEUTRAL,NEUTRAL,0.0,True,conviction_below_threshold (0.300 < 0.4)
2024-10-28 05:45:00+00:00,CE,NEUTRAL,NEUTRAL,0.0,True,conviction_below_threshold (0.300 < 0.4)
2024-10-28 06:15:00+00:00,NEUTRAL,NEUTRAL,NEUTRAL,0.0,True,conviction_below_threshold (0.300 < 0.4)
2024-10-28 06:45:00+00:00,CE,NEUTRAL,NEUTRAL,0.0,True,conviction_below_threshold (0.300 < 0.4)
2024-10-28 07:15:00+00:00,PE,NEUTRAL,NEUTRAL,0.0,True,conviction_below_threshold (0.300 < 0.4)
2024-10-28 07:45:00+00:00,NEUTRAL,NEUTRAL,NEUTRAL,0.0,True,conviction_below_threshold (0.300 < 0.4)
2024-10-28 08:15:00+00:00,PE,NEUTRAL,NEUTRAL,0.0,True,conviction_below_threshold (0.300 < 0.4)
2024-10-28 08:45:00+00:00,NEUTRAL,NEUTRAL,NEUTRAL,0.0,True,conviction_below_threshold (0.300 < 0.4)
2024-10-28 09:15:00+00:00,PE,NEUTRAL,NEUTRAL,0.0,True,conviction_below_threshold (0.300 < 0.4)
2024-10-28 09:45:00+00:00,NEUTRAL,NEUTRAL,NEUTRAL,0.0,True,conviction_below_threshold (0.300 < 0.4)
2024-10-29 03:45:00+00:00,NEUTRAL,NEUTRAL,NEUTRAL,0.0,True,conviction_below_threshold (0.300 < 0.4)
2024-10-29 04:15:00+00:00,NEUTRAL,NEUTRAL,NEUTRAL,0.0,True,conviction_below_threshold (0.300 < 0.4)
2024-10-29 04:45:00+00:00,PE,NEUTRAL,NEUTRAL,0.0,True,conviction_below_threshold (0.300 < 0.4)
2024-10-29 05:15:00+00:00,CE,NEUTRAL,NEUTRAL,0.0,True,conviction_below_threshold (0.300 < 0.4)
2024-10-29 05:45:00+00:00,NEUTRAL,NEUTRAL,NEUTRAL,0.0,True,conviction_below_threshold (0.300 < 0.4)
2024-10-29 06:15:00+00:00,NEUTRAL,NEUTRAL,NEUTRAL,0.0,True,conviction_below_threshold (0.300 < 0.4)
2024-10-29 06:45:00+00:00,NEUTRAL,NEUTRAL,NEUTRAL,0.0,True,conviction_below_threshold (0.300 < 0.4)
2024-10-29 07:15:00+00:00,CE,NEUTRAL,NEUTRAL,0.0,True,conviction_below_threshold (0.300 < 0.4)
2024-10-29 07:45:00+00:00,NEUTRAL,NEUTRAL,NEUTRAL,0.0,True,conviction_below_threshold (0.300 < 0.4)
2024-10-29 08:15:00+00:00,CE,NEUTRAL,NEUTRAL,0.0,True,conviction_below_threshold (0.300 < 0.4)
2024-10-29 08:45:00+00:00,NEUTRAL,NEUTRAL,NEUTRAL,0.0,True,conviction_below_threshold (0.300 < 0.4)
2024-10-29 09:15:00+00:00,CE,NEUTRAL,NEUTRAL,0.0,True,conviction_below_threshold (0.300 < 0.4)
2024-10-29 09:45:00+00:00,CE,NEUTRAL,NEUTRAL,0.0,True,conviction_below_threshold (0.300 < 0.4)
2024-10-30 03:45:00+00:00,CE,NEUTRAL,NEUTRAL,0.0,True,conviction_below_threshold (0.300 < 0.4)
2024-10-30 04:15:00+00:00,NEUTRAL,NEUTRAL,NEUTRAL,0.0,True,conviction_below_threshold (0.300 < 0.4)
2024-10-30 04:45:00+00:00,CE,NEUTRAL,NEUTRAL,0.0,True,conviction_below_threshold (0.300 < 0.4)
2024-10-30 05:15:00+00:00,CE,NEUTRAL,NEUTRAL,0.0,True,conviction_below_threshold (0.300 < 0.4)
2024-10-30 05:45:00+00:00,CE,NEUTRAL,NEUTRAL,0.0,True,conviction_below_threshold (0.300 < 0.4)
2024-10-30 06:15:00+00:00,CE,NEUTRAL,NEUTRAL,0.0,True,conviction_below_threshold (0.300 < 0.4)
2024-10-30 06:45:00+00:00,NEUTRAL,NEUTRAL,NEUTRAL,0.0,True,conviction_below_threshold (0.300 < 0.4)
2024-10-30 07:15:00+00:00,CE,NEUTRAL,NEUTRAL,0.0,True,conviction_below_threshold (0.300 < 0.4)
2024-10-30 07:45:00+00:00,CE,NEUTRAL,NEUTRAL,0.0,True,conviction_below_threshold (0.300 < 0.4)
2024-10-30 08:15:00+00:00,CE,NEUTRAL,NEUTRAL,0.0,True,conviction_below_threshold (0.300 < 0.4)
2024-10-30 08:45:00+00:00,CE,NEUTRAL,NEUTRAL,0.0,True,conviction_below_threshold (0.300 < 0.4)
2024-10-30 09:15:00+00:00,NEUTRAL,NEUTRAL,NEUTRAL,0.0,True,conviction_below_threshold (0.300 < 0.4)
2024-10-30 09:45:00+00:00,CE,NEUTRAL,NEUTRAL,0.0,True,conviction_below_threshold (0.300 < 0.4)
2024-10-31 03:45:00+00:00,CE,NEUTRAL,NEUTRAL,0.0,True,conviction_below_threshold (0.300 < 0.4)
2024-10-31 04:15:00+00:00,PE,NEUTRAL,NEUTRAL,0.0,True,conviction_below_threshold (0.300 < 0.4)
2024-10-31 04:45:00+00:00,PE,NEUTRAL,NEUTRAL,0.0,True,conviction_below_threshold (0.300 < 0.4)
2024-10-31 05:15:00+00:00,CE,NEUTRAL,NEUTRAL,0.0,True,conviction_below_threshold (0.300 < 0.4)
2024-10-31 05:45:00+00:00,CE,NEUTRAL,NEUTRAL,0.0,True,conviction_below_threshold (0.300 < 0.4)
2024-10-31 06:15:00+00:00,CE,NEUTRAL,NEUTRAL,0.0,True,conviction_below_threshold (0.300 < 0.4)
2024-10-31 06:45:00+00:00,NEUTRAL,NEUTRAL,NEUTRAL,0.0,True,conviction_below_threshold (0.300 < 0.4)
2024-10-31 07:15:00+00:00,NEUTRAL,NEUTRAL,NEUTRAL,0.0,True,conviction_below_threshold (0.300 < 0.4)
2024-10-31 07:45:00+00:00,CE,NEUTRAL,NEUTRAL,0.0,True,conviction_below_threshold (0.300 < 0.4)
2024-10-31 08:15:00+00:00,NEUTRAL,NEUTRAL,NEUTRAL,0.0,True,conviction_below_threshold (0.300 < 0.4)
2024-10-31 08:45:00+00:00,CE,NEUTRAL,NEUTRAL,0.0,True,conviction_below_threshold (0.300 < 0.4)
2024-10-31 09:15:00+00:00,PE,NEUTRAL,NEUTRAL,0.0,True,conviction_below_threshold (0.300 < 0.4)
2024-10-31 09:45:00+00:00,CE,NEUTRAL,NEUTRAL,0.0,True,conviction_below_threshold (0.300 < 0.4)
2024-11-01 03:45:00+00:00,NEUTRAL,NEUTRAL,NEUTRAL,0.0,True,conviction_below_threshold (0.300 < 0.4)
2024-11-01 04:15:00+00:00,PE,NEUTRAL,NEUTRAL,0.0,True,conviction_below_threshold (0.300 < 0.4)
2024-11-01 04:45:00+00:00,PE,NEUTRAL,NEUTRAL,0.0,True,conviction_below_threshold (0.300 < 0.4)
2024-11-01 05:15:00+00:00,NEUTRAL,NEUTRAL,NEUTRAL,0.0,True,conviction_below_threshold (0.300 < 0.4)
2024-11-01 05:45:00+00:00,NEUTRAL,NEUTRAL,NEUTRAL,0.0,True,conviction_below_threshold (0.300 < 0.4)
2024-11-01 06:15:00+00:00,CE,NEUTRAL,NEUTRAL,0.0,True,conviction_below_threshold (0.300 < 0.4)
2024-11-01 06:45:00+00:00,NEUTRAL,NEUTRAL,NEUTRAL,0.0,True,conviction_below_threshold (0.300 < 0.4)
2024-11-01 07:15:00+00:00,NEUTRAL,NEUTRAL,NEUTRAL,0.0,True,conviction_below_threshold (0.300 < 0.4)
2024-11-01 07:45:00+00:00,CE,NEUTRAL,NEUTRAL,0.0,True,conviction_below_threshold (0.300 < 0.4)
2024-11-01 08:15:00+00:00,PE,NEUTRAL,NEUTRAL,0.0,True,conviction_below_threshold (0.300 < 0.4)
2024-11-01 08:45:00+00:00,NEUTRAL,NEUTRAL,NEUTRAL,0.0,True,conviction_below_threshold (0.300 < 0.4)
2024-11-01 09:15:00+00:00,NEUTRAL,NEUTRAL,NEUTRAL,0.0,True,conviction_below_threshold (0.300 < 0.4)
2024-11-01 09:45:00+00:00,NEUTRAL,NEUTRAL,NEUTRAL,0.0,True,conviction_below_threshold (0.300 < 0.4)
2024-11-04 03:45:00+00:00,NEUTRAL,NEUTRAL,NEUTRAL,0.0,True,conviction_below_threshold (0.300 < 0.4)
2024-11-04 04:15:00+00:00,CE,NEUTRAL,NEUTRAL,0.0,True,conviction_below_threshold (0.300 < 0.4)
2024-11-04 04:45:00+00:00,PE,NEUTRAL,NEUTRAL,0.0,True,conviction_below_threshold (0.300 < 0.4)
2024-11-04 05:15:00+00:00,NEUTRAL,NEUTRAL,NEUTRAL,0.0,True,conviction_below_threshold (0.300 < 0.4)
2024-11-04 05:45:00+00:00,CE,NEUTRAL,NEUTRAL,0.0,True,conviction_below_threshold (0.300 < 0.4)
2024-11-04 06:15:00+00:00,CE,NEUTRAL,NEUTRAL,0.0,True,conviction_below_threshold (0.300 < 0.4)
2024-11-04 06:45:00+00:00,CE,NEUTRAL,NEUTRAL,0.0,True,conviction_below_threshold (0.300 < 0.4)
2024-11-04 07:15:00+00:00,CE,NEUTRAL,NEUTRAL,0.0,True,conviction_below_threshold (0.300 < 0.4)
2024-11-04 07:45:00+00:00,CE,NEUTRAL,NEUTRAL,0.0,True,conviction_below_threshold (0.300 < 0.4)
2024-11-04 08:15:00+00:00,CE,NEUTRAL,NEUTRAL,0.0,True,conviction_below_threshold (0.300 < 0.4)
2024-11-04 08:45:00+00:00,CE,NEUTRAL,NEUTRAL,0.0,True,conviction_below_threshold (0.300 < 0.4)
2024-11-04 09:15:00+00:00,NEUTRAL,NEUTRAL,NEUTRAL,0.0,True,conviction_below_threshold (0.300 < 0.4)
2024-11-04 09:45:00+00:00,CE,NEUTRAL,NEUTRAL,0.0,True,conviction_below_threshold (0.300 < 0.4)
2024-11-05 03:45:00+00:00,CE,NEUTRAL,NEUTRAL,0.0,True,conviction_below_threshold (0.300 < 0.4)
2024-11-05 04:15:00+00:00,NEUTRAL,NEUTRAL,NEUTRAL,0.0,True,conviction_below_threshold (0.300 < 0.4)
2024-11-05 04:45:00+00:00,NEUTRAL,NEUTRAL,NEUTRAL,0.0,True,conviction_below_threshold (0.300 < 0.4)
2024-11-05 05:15:00+00:00,CE,NEUTRAL,NEUTRAL,0.0,True,conviction_below_threshold (0.300 < 0.4)
2024-11-05 05:45:00+00:00,PE,NEUTRAL,NEUTRAL,0.0,True,conviction_below_threshold (0.300 < 0.4)
2024-11-05 06:15:00+00:00,PE,NEUTRAL,NEUTRAL,0.0,True,conviction_below_threshold (0.300 < 0.4)
2024-11-05 06:45:00+00:00,PE,NEUTRAL,NEUTRAL,0.0,True,conviction_below_threshold (0.300 < 0.4)
2024-11-05 07:15:00+00:00,CE,NEUTRAL,NEUTRAL,0.0,True,conviction_below_threshold (0.300 < 0.4)
2024-11-05 07:45:00+00:00,NEUTRAL,NEUTRAL,NEUTRAL,0.0,True,conviction_below_threshold (0.300 < 0.4)
2024-11-05 08:15:00+00:00,NEUTRAL,NEUTRAL,NEUTRAL,0.0,True,conviction_below_threshold (0.300 < 0.4)
2024-11-05 08:45:00+00:00,CE,NEUTRAL,NEUTRAL,0.0,True,conviction_below_threshold (0.300 < 0.4)
2024-11-05 09:15:00+00:00,PE,NEUTRAL,NEUTRAL,0.0,True,conviction_below_threshold (0.300 < 0.4)
2024-11-05 09:45:00+00:00,NEUTRAL,NEUTRAL,NEUTRAL,0.0,True,conviction_below_threshold (0.300 < 0.4)
2024-11-06 03:45:00+00:00,NEUTRAL,NEUTRAL,NEUTRAL,0.0,True,conviction_below_threshold (0.300 < 0.4)
2024-11-06 04:15:00+00:00,CE,NEUTRAL,NEUTRAL,0.0,True,conviction_below_threshold (0.300 < 0.4)
2024-11-06 04:45:00+00:00,CE,NEUTRAL,NEUTRAL,0.0,True,conviction_below_threshold (0.300 < 0.4)
2024-11-06 05:15:00+00:00,NEUTRAL,NEUTRAL,NEUTRAL,0.0,True,conviction_below_threshold (0.300 < 0.4)
2024-11-06 05:45:00+00:00,NEUTRAL,NEUTRAL,NEUTRAL,0.0,True,conviction_below_threshold (0.300 < 0.4)
2024-11-06 06:15:00+00:00,NEUTRAL,NEUTRAL,NEUTRAL,0.0,True,conviction_below_threshold (0.300 < 0.4)
2024-11-06 06:45:00+00:00,PE,NEUTRAL,NEUTRAL,0.0,True,conviction_below_threshold (0.300 < 0.4)
2024-11-06 07:15:00+00:00,CE,NEUTRAL,NEUTRAL,0.0,True,conviction_below_threshold (0.300 < 0.4)
2024-11-06 07:45:00+00:00,NEUTRAL,NEUTRAL,NEUTRAL,0.0,True,conviction_below_threshold (0.300 < 0.4)
2024-11-06 08:15:00+00:00,NEUTRAL,NEUTRAL,NEUTRAL,0.0,True,conviction_below_threshold (0.300 < 0.4)
2024-11-06 08:45:00+00:00,CE,NEUTRAL,NEUTRAL,0.0,True,conviction_below_threshold (0.300 < 0.4)
2024-11-06 09:15:00+00:00,CE,NEUTRAL,NEUTRAL,0.0,True,conviction_below_threshold (0.300 < 0.4)
2024-11-06 09:45:00+00:00,PE,NEUTRAL,NEUTRAL,0.0,True,conviction_below_threshold (0.300 < 0.4)
2024-11-07 03:45:00+00:00,NEUTRAL,NEUTRAL,NEUTRAL,0.0,True,conviction_below_threshold (0.300 < 0.4)
2024-11-07 04:15:00+00:00,NEUTRAL,NEUTRAL,NEUTRAL,0.0,True,conviction_below_threshold (0.300 < 0.4)
2024-11-07 04:45:00+00:00,NEUTRAL,NEUTRAL,NEUTRAL,0.0,True,conviction_below_threshold (0.300 < 0.4)
2024-11-07 05:15:00+00:00,CE,NEUTRAL,NEUTRAL,0.0,True,conviction_below_threshold (0.300 < 0.4)
2024-11-07 05:45:00+00:00,PE,NEUTRAL,NEUTRAL,0.0,True,conviction_below_threshold (0.300 < 0.4)
2024-11-07 06:15:00+00:00,CE,NEUTRAL,NEUTRAL,0.0,True,conviction_below_threshold (0.300 < 0.4)
2024-11-07 06:45:00+00:00,CE,NEUTRAL,NEUTRAL,0.0,True,conviction_below_threshold (0.300 < 0.4)
2024-11-07 07:15:00+00:00,PE,NEUTRAL,NEUTRAL,0.0,True,conviction_below_threshold (0.300 < 0.4)
2024-11-07 07:45:00+00:00,NEUTRAL,NEUTRAL,NEUTRAL,0.0,True,conviction_below_threshold (0.300 < 0.4)
2024-11-07 08:15:00+00:00,CE,NEUTRAL,NEUTRAL,0.0,True,conviction_below_threshold (0.300 < 0.4)
2024-11-07 08:45:00+00:00,PE,NEUTRAL,NEUTRAL,0.0,True,conviction_below_threshold (0.300 < 0.4)
2024-11-07 09:15:00+00:00,PE,NEUTRAL,NEUTRAL,0.0,True,conviction_below_threshold (0.300 < 0.4)
2024-11-07 09:45:00+00:00,NEUTRAL,NEUTRAL,NEUTRAL,0.0,True,conviction_below_threshold (0.300 < 0.4)
2024-11-08 03:45:00+00:00,CE,NEUTRAL,NEUTRAL,0.0,True,conviction_below_threshold (0.300 < 0.4)
2024-11-08 04:15:00+00:00,NEUTRAL,NEUTRAL,NEUTRAL,0.0,True,conviction_below_threshold (0.300 < 0.4)
2024-11-08 04:45:00+00:00,PE,NEUTRAL,NEUTRAL,0.0,True,conviction_below_threshold (0.300 < 0.4)
2024-11-08 05:15:00+00:00,NEUTRAL,NEUTRAL,NEUTRAL,0.0,True,conviction_below_threshold (0.300 < 0.4)
2024-11-08 05:45:00+00:00,PE,NEUTRAL,NEUTRAL,0.0,True,conviction_below_threshold (0.300 < 0.4)
2024-11-08 06:15:00+00:00,NEUTRAL,NEUTRAL,NEUTRAL,0.0,True,conviction_below_threshold (0.300 < 0.4)
2024-11-08 06:45:00+00:00,CE,NEUTRAL,NEUTRAL,0.0,True,conviction_below_threshold (0.300 < 0.4)
2024-11-08 07:15:00+00:00,CE,NEUTRAL,NEUTRAL,0.0,True,conviction_below_threshold (0.300 < 0.4)
2024-11-08 07:45:00+00:00,CE,NEUTRAL,NEUTRAL,0.0,True,conviction_below_threshold (0.300 < 0.4)
2024-11-08 08:15:00+00:00,CE,NEUTRAL,NEUTRAL,0.0,True,conviction_below_threshold (0.300 < 0.4)
2024-11-08 08:45:00+00:00,NEUTRAL,NEUTRAL,NEUTRAL,0.0,True,conviction_below_threshold (0.300 < 0.4)
2024-11-08 09:15:00+00:00,CE,NEUTRAL,NEUTRAL,0.0,True,conviction_below_threshold (0.300 < 0.4)
2024-11-08 09:45:00+00:00,NEUTRAL,NEUTRAL,NEUTRAL,0.0,True,conviction_below_threshold (0.300 < 0.4)
2024-11-11 03:45:00+00:00,CE,NEUTRAL,NEUTRAL,0.0,True,conviction_below_threshold (0.300 < 0.4)
2024-11-11 04:15:00+00:00,NEUTRAL,NEUTRAL,NEUTRAL,0.0,True,conviction_below_threshold (0.300 < 0.4)
2024-11-11 04:45:00+00:00,PE,NEUTRAL,NEUTRAL,0.0,True,conviction_below_threshold (0.300 < 0.4)
2024-11-11 05:15:00+00:00,NEUTRAL,NEUTRAL,NEUTRAL,0.0,True,conviction_below_threshold (0.300 < 0.4)
2024-11-11 05:45:00+00:00,CE,NEUTRAL,NEUTRAL,0.0,True,conviction_below_threshold (0.300 < 0.4)
2024-11-11 06:15:00+00:00,NEUTRAL,NEUTRAL,NEUTRAL,0.0,True,conviction_below_threshold (0.300 < 0.4)
2024-11-11 06:45:00+00:00,NEUTRAL,NEUTRAL,NEUTRAL,0.0,True,conviction_below_threshold (0.300 < 0.4)
2024-11-11 07:15:00+00:00,CE,NEUTRAL,NEUTRAL,0.0,True,conviction_below_threshold (0.300 < 0.4)
2024-11-11 07:45:00+00:00,CE,NEUTRAL,NEUTRAL,0.0,True,conviction_below_threshold (0.300 < 0.4)
2024-11-11 08:15:00+00:00,PE,NEUTRAL,NEUTRAL,0.0,True,conviction_below_threshold (0.300 < 0.4)
2024-11-11 08:45:00+00:00,NEUTRAL,NEUTRAL,NEUTRAL,0.0,True,conviction_below_threshold (0.300 < 0.4)
2024-11-11 09:15:00+00:00,PE,NEUTRAL,NEUTRAL,0.0,True,conviction_below_threshold (0.300 < 0.4)
2024-11-11 09:45:00+00:00,PE,NEUTRAL,NEUTRAL,0.0,True,conviction_below_threshold (0.300 < 0.4)
2024-11-12 03:45:00+00:00,NEUTRAL,NEUTRAL,NEUTRAL,0.0,True,conviction_below_threshold (0.300 < 0.4)
2024-11-12 04:15:00+00:00,NEUTRAL,NEUTRAL,NEUTRAL,0.0,True,conviction_below_threshold (0.300 < 0.4)
2024-11-12 04:45:00+00:00,PE,NEUTRAL,NEUTRAL,0.0,True,conviction_below_threshold (0.300 < 0.4)
2024-11-12 05:15:00+00:00,CE,NEUTRAL,NEUTRAL,0.0,True,conviction_below_threshold (0.300 < 0.4)
2024-11-12 05:45:00+00:00,PE,NEUTRAL,NEUTRAL,0.0,True,conviction_below_threshold (0.300 < 0.4)
2024-11-12 06:15:00+00:00,PE,NEUTRAL,NEUTRAL,0.0,True,conviction_below_threshold (0.300 < 0.4)
2024-11-12 06:45:00+00:00,CE,NEUTRAL,NEUTRAL,0.0,True,conviction_below_threshold (0.300 < 0.4)
2024-11-12 07:15:00+00:00,CE,NEUTRAL,NEUTRAL,0.0,True,conviction_below_threshold (0.300 < 0.4)
2024-11-12 07:45:00+00:00,PE,NEUTRAL,NEUTRAL,0.0,True,conviction_below_threshold (0.300 < 0.4)
2024-11-12 08:15:00+00:00,CE,NEUTRAL,NEUTRAL,0.0,True,conviction_below_threshold (0.300 < 0.4)
2024-11-12 08:45:00+00:00,CE,NEUTRAL,NEUTRAL,0.0,True,conviction_below_threshold (0.300 < 0.4)
2024-11-12 09:15:00+00:00,PE,NEUTRAL,NEUTRAL,0.0,True,conviction_below_threshold (0.300 < 0.4)
2024-11-12 09:45:00+00:00,NEUTRAL,NEUTRAL,NEUTRAL,0.0,True,conviction_below_threshold (0.300 < 0.4)
2024-11-13 03:45:00+00:00,NEUTRAL,NEUTRAL,NEUTRAL,0.0,True,conviction_below_threshold (0.300 < 0.4)
2024-11-13 04:15:00+00:00,NEUTRAL,NEUTRAL,NEUTRAL,0.0,True,conviction_below_threshold (0.300 < 0.4)
2024-11-13 04:45:00+00:00,PE,NEUTRAL,NEUTRAL,0.0,True,conviction_below_threshold (0.300 < 0.4)
2024-11-13 05:15:00+00:00,NEUTRAL,NEUTRAL,NEUTRAL,0.0,True,conviction_below_threshold (0.300 < 0.4)
2024-11-13 05:45:00+00:00,CE,NEUTRAL,NEUTRAL,0.0,True,conviction_below_threshold (0.300 < 0.4)
2024-11-13 06:15:00+00:00,NEUTRAL,NEUTRAL,NEUTRAL,0.0,True,conviction_below_threshold (0.300 < 0.4)
2024-11-13 06:45:00+00:00,CE,NEUTRAL,NEUTRAL,0.0,True,conviction_below_threshold (0.300 < 0.4)
2024-11-13 07:15:00+00:00,NEUTRAL,NEUTRAL,NEUTRAL,0.0,True,conviction_below_threshold (0.300 < 0.4)
2024-11-13 07:45:00+00:00,NEUTRAL,NEUTRAL,NEUTRAL,0.0,True,conviction_below_threshold (0.300 < 0.4)
2024-11-13 08:15:00+00:00,CE,NEUTRAL,NEUTRAL,0.0,True,conviction_below_threshold (0.300 < 0.4)
2024-11-13 08:45:00+00:00,PE,NEUTRAL,NEUTRAL,0.0,True,conviction_below_threshold (0.300 < 0.4)
2024-11-13 09:15:00+00:00,NEUTRAL,NEUTRAL,NEUTRAL,0.0,True,conviction_below_threshold (0.300 < 0.4)
2024-11-13 09:45:00+00:00,NEUTRAL,NEUTRAL,NEUTRAL,0.0,True,conviction_below_threshold (0.300 < 0.4)
2024-11-14 03:45:00+00:00,CE,NEUTRAL,NEUTRAL,0.0,True,conviction_below_threshold (0.300 < 0.4)
2024-11-14 04:15:00+00:00,NEUTRAL,NEUTRAL,NEUTRAL,0.0,True,conviction_below_threshold (0.300 < 0.4)
2024-11-14 04:45:00+00:00,NEUTRAL,NEUTRAL,NEUTRAL,0.0,True,conviction_below_threshold (0.300 < 0.4)
2024-11-14 05:15:00+00:00,PE,NEUTRAL,NEUTRAL,0.0,True,conviction_below_threshold (0.300 < 0.4)
2024-11-14 05:45:00+00:00,PE,NEUTRAL,NEUTRAL,0.0,True,conviction_below_threshold (0.300 < 0.4)
2024-11-14 06:15:00+00:00,NEUTRAL,NEUTRAL,NEUTRAL,0.0,True,conviction_below_threshold (0.300 < 0.4)
2024-11-14 06:45:00+00:00,CE,NEUTRAL,NEUTRAL,0.0,True,conviction_below_threshold (0.300 < 0.4)
2024-11-14 07:15:00+00:00,PE,NEUTRAL,NEUTRAL,0.0,True,conviction_below_threshold (0.300 < 0.4)
2024-11-14 07:45:00+00:00,PE,NEUTRAL,NEUTRAL,0.0,True,conviction_below_threshold (0.300 < 0.4)
2024-11-14 08:15:00+00:00,CE,NEUTRAL,NEUTRAL,0.0,True,conviction_below_threshold (0.300 < 0.4)
2024-11-14 08:45:00+00:00,CE,NEUTRAL,NEUTRAL,0.0,True,conviction_below_threshold (0.300 < 0.4)
2024-11-14 09:15:00+00:00,NEUTRAL,NEUTRAL,NEUTRAL,0.0,True,conviction_below_threshold (0.300 < 0.4)
2024-11-14 09:45:00+00:00,PE,NEUTRAL,NEUTRAL,0.0,True,conviction_below_threshold (0.300 < 0.4)
2024-11-15 03:45:00+00:00,CE,NEUTRAL,NEUTRAL,0.0,True,conviction_below_threshold (0.300 < 0.4)
2024-11-15 04:15:00+00:00,PE,NEUTRAL,NEUTRAL,0.0,True,conviction_below_threshold (0.300 < 0.4)
2024-11-15 04:45:00+00:00,NEUTRAL,NEUTRAL,NEUTRAL,0.0,True,conviction_below_threshold (0.300 < 0.4)
2024-11-15 05:15:00+00:00,CE,NEUTRAL,NEUTRAL,0.0,True,conviction_below_threshold (0.300 < 0.4)
2024-11-15 05:45:00+00:00,NEUTRAL,NEUTRAL,NEUTRAL,0.0,True,conviction_below_threshold (0.300 < 0.4)
2024-11-15 06:15:00+00:00,CE,NEUTRAL,NEUTRAL,0.0,True,conviction_below_threshold (0.300 < 0.4)
2024-11-15 06:45:00+00:00,NEUTRAL,NEUTRAL,NEUTRAL,0.0,True,conviction_below_threshold (0.300 < 0.4)
2024-11-15 07:15:00+00:00,PE,NEUTRAL,NEUTRAL,0.0,True,conviction_below_threshold (0.300 < 0.4)
2024-11-15 07:45:00+00:00,CE,NEUTRAL,NEUTRAL,0.0,True,conviction_below_threshold (0.300 < 0.4)
2024-11-15 08:15:00+00:00,PE,NEUTRAL,NEUTRAL,0.0,True,conviction_below_threshold (0.300 < 0.4)
2024-11-15 08:45:00+00:00,NEUTRAL,NEUTRAL,NEUTRAL,0.0,True,conviction_below_threshold (0.300 < 0.4)
2024-11-15 09:15:00+00:00,CE,NEUTRAL,NEUTRAL,0.0,True,conviction_below_threshold (0.300 < 0.4)
2024-11-15 09:45:00+00:00,PE,NEUTRAL,NEUTRAL,0.0,True,conviction_below_threshold (0.300 < 0.4)
2024-11-18 03:45:00+00:00,NEUTRAL,NEUTRAL,NEUTRAL,0.0,True,conviction_below_threshold (0.300 < 0.4)
2024-11-18 04:15:00+00:00,CE,NEUTRAL,NEUTRAL,0.0,True,conviction_below_threshold (0.300 < 0.4)
2024-11-18 04:45:00+00:00,NEUTRAL,NEUTRAL,NEUTRAL,0.0,True,conviction_below_threshold (0.300 < 0.4)
2024-11-18 05:15:00+00:00,NEUTRAL,NEUTRAL,NEUTRAL,0.0,True,conviction_below_threshold (0.300 < 0.4)
2024-11-18 05:45:00+00:00,CE,NEUTRAL,NEUTRAL,0.0,True,conviction_below_threshold (0.300 < 0.4)
2024-11-18 06:15:00+00:00,PE,NEUTRAL,NEUTRAL,0.0,True,conviction_below_threshold (0.300 < 0.4)
2024-11-18 06:45:00+00:00,NEUTRAL,NEUTRAL,NEUTRAL,0.0,True,conviction_below_threshold (0.300 < 0.4)
2024-11-18 07:15:00+00:00,NEUTRAL,NEUTRAL,NEUTRAL,0.0,True,conviction_below_threshold (0.300 < 0.4)
2024-11-18 07:45:00+00:00,CE,NEUTRAL,NEUTRAL,0.0,True,conviction_below_threshold (0.300 < 0.4)
2024-11-18 08:15:00+00:00,PE,NEUTRAL,NEUTRAL,0.0,True,conviction_below_threshold (0.300 < 0.4)
2024-11-18 08:45:00+00:00,NEUTRAL,NEUTRAL,NEUTRAL,0.0,True,conviction_below_threshold (0.300 < 0.4)
2024-11-18 09:15:00+00:00,NEUTRAL,NEUTRAL,NEUTRAL,0.0,True,conviction_below_threshold (0.300 < 0.4)
2024-11-18 09:45:00+00:00,NEUTRAL,NEUTRAL,NEUTRAL,0.0,True,conviction_below_threshold (0.300 < 0.4)
2024-11-19 03:45:00+00:00,CE,NEUTRAL,NEUTRAL,0.0,True,conviction_below_threshold (0.300 < 0.4)
2024-11-19 04:15:00+00:00,NEUTRAL,NEUTRAL,NEUTRAL,0.0,True,conviction_below_threshold (0.300 < 0.4)
2024-11-19 04:45:00+00:00,CE,NEUTRAL,NEUTRAL,0.0,True,conviction_below_threshold (0.300 < 0.4)
2024-11-19 05:15:00+00:00,NEUTRAL,NEUTRAL,NEUTRAL,0.0,True,conviction_below_threshold (0.300 < 0.4)
2024-11-19 05:45:00+00:00,NEUTRAL,NEUTRAL,NEUTRAL,0.0,True,conviction_below_threshold (0.300 < 0.4)
2024-11-19 06:15:00+00:00,CE,NEUTRAL,NEUTRAL,0.0,True,conviction_below_threshold (0.300 < 0.4)
2024-11-19 06:45:00+00:00,NEUTRAL,NEUTRAL,NEUTRAL,0.0,True,conviction_below_threshold (0.300 < 0.4)
2024-11-19 07:15:00+00:00,PE,NEUTRAL,NEUTRAL,0.0,True,conviction_below_threshold (0.300 < 0.4)
2024-11-19 07:45:00+00:00,CE,NEUTRAL,NEUTRAL,0.0,True,conviction_below_threshold (0.300 < 0.4)
2024-11-19 08:15:00+00:00,PE,NEUTRAL,NEUTRAL,0.0,True,conviction_below_threshold (0.300 < 0.4)
2024-11-19 08:45:00+00:00,CE,NEUTRAL,NEUTRAL,0.0,True,conviction_below_threshold (0.300 < 0.4)
2024-11-19 09:15:00+00:00,CE,NEUTRAL,NEUTRAL,0.0,True,conviction_below_threshold (0.300 < 0.4)
2024-11-19 09:45:00+00:00,NEUTRAL,NEUTRAL,NEUTRAL,0.0,True,conviction_below_threshold (0.300 < 0.4)
2024-11-20 03:45:00+00:00,CE,NEUTRAL,NEUTRAL,0.0,True,conviction_below_threshold (0.300 < 0.4)
2024-11-20 04:15:00+00:00,CE,NEUTRAL,NEUTRAL,0.0,True,conviction_below_threshold (0.300 < 0.4)
2024-11-20 04:45:00+00:00,NEUTRAL,NEUTRAL,NEUTRAL,0.0,True,conviction_below_threshold (0.300 < 0.4)
2024-11-20 05:15:00+00:00,NEUTRAL,NEUTRAL,NEUTRAL,0.0,True,conviction_below_threshold (0.300 < 0.4)
2024-11-20 05:45:00+00:00,CE,NEUTRAL,NEUTRAL,0.0,True,conviction_below_threshold (0.300 < 0.4)
2024-11-20 06:15:00+00:00,NEUTRAL,NEUTRAL,NEUTRAL,0.0,True,conviction_below_threshold (0.300 < 0.4)
2024-11-20 06:45:00+00:00,NEUTRAL,NEUTRAL,NEUTRAL,0.0,True,conviction_below_threshold (0.300 < 0.4)
2024-11-20 07:15:00+00:00,CE,NEUTRAL,NEUTRAL,0.0,True,conviction_below_threshold (0.300 < 0.4)
2024-11-20 07:45:00+00:00,CE,NEUTRAL,NEUTRAL,0.0,True,conviction_below_threshold (0.300 < 0.4)
2024-11-20 08:15:00+00:00,NEUTRAL,NEUTRAL,NEUTRAL,0.0,True,conviction_below_threshold (0.300 < 0.4)
2024-11-20 08:45:00+00:00,NEUTRAL,NEUTRAL,NEUTRAL,0.0,True,conviction_below_threshold (0.300 < 0.4)
2024-11-20 09:15:00+00:00,NEUTRAL,NEUTRAL,NEUTRAL,0.0,True,conviction_below_threshold (0.300 < 0.4)
2024-11-20 09:45:00+00:00,PE,NEUTRAL,NEUTRAL,0.0,True,conviction_below_threshold (0.300 < 0.4)
2024-11-21 03:45:00+00:00,NEUTRAL,NEUTRAL,NEUTRAL,0.0,True,conviction_below_threshold (0.300 < 0.4)
2024-11-21 04:15:00+00:00,CE,NEUTRAL,NEUTRAL,0.0,True,conviction_below_threshold (0.300 < 0.4)
2024-11-21 04:45:00+00:00,NEUTRAL,NEUTRAL,NEUTRAL,0.0,True,conviction_below_threshold (0.300 < 0.4)
2024-11-21 05:15:00+00:00,CE,NEUTRAL,NEUTRAL,0.0,True,conviction_below_threshold (0.300 < 0.4)
2024-11-21 05:45:00+00:00,CE,NEUTRAL,NEUTRAL,0.0,True,conviction_below_threshold (0.300 < 0.4)
2024-11-21 06:15:00+00:00,PE,NEUTRAL,NEUTRAL,0.0,True,conviction_below_threshold (0.300 < 0.4)
2024-11-21 06:45:00+00:00,PE,NEUTRAL,NEUTRAL,0.0,True,conviction_below_threshold (0.300 < 0.4)
2024-11-21 07:15:00+00:00,CE,NEUTRAL,NEUTRAL,0.0,True,conviction_below_threshold (0.300 < 0.4)
2024-11-21 07:45:00+00:00,NEUTRAL,NEUTRAL,NEUTRAL,0.0,True,conviction_below_threshold (0.300 < 0.4)
2024-11-21 08:15:00+00:00,PE,NEUTRAL,NEUTRAL,0.0,True,conviction_below_threshold (0.300 < 0.4)
2024-11-21 08:45:00+00:00,NEUTRAL,NEUTRAL,NEUTRAL,0.0,True,conviction_below_threshold (0.300 < 0.4)
2024-11-21 09:15:00+00:00,PE,NEUTRAL,NEUTRAL,0.0,True,conviction_below_threshold (0.300 < 0.4)
2024-11-21 09:45:00+00:00,CE,NEUTRAL,NEUTRAL,0.0,True,conviction_below_threshold (0.300 < 0.4)
2024-11-22 03:45:00+00:00,CE,NEUTRAL,NEUTRAL,0.0,True,conviction_below_threshold (0.300 < 0.4)
2024-11-22 04:15:00+00:00,NEUTRAL,NEUTRAL,NEUTRAL,0.0,True,conviction_below_threshold (0.300 < 0.4)
2024-11-22 04:45:00+00:00,PE,NEUTRAL,NEUTRAL,0.0,True,conviction_below_threshold (0.300 < 0.4)
2024-11-22 05:15:00+00:00,NEUTRAL,NEUTRAL,NEUTRAL,0.0,True,conviction_below_threshold (0.300 < 0.4)
2024-11-22 05:45:00+00:00,NEUTRAL,NEUTRAL,NEUTRAL,0.0,True,conviction_below_threshold (0.300 < 0.4)
2024-11-22 06:15:00+00:00,CE,NEUTRAL,NEUTRAL,0.0,True,conviction_below_threshold (0.300 < 0.4)
2024-11-22 06:45:00+00:00,CE,NEUTRAL,NEUTRAL,0.0,True,conviction_below_threshold (0.300 < 0.4)
2024-11-22 07:15:00+00:00,CE,NEUTRAL,NEUTRAL,0.0,True,conviction_below_threshold (0.300 < 0.4)
2024-11-22 07:45:00+00:00,PE,NEUTRAL,NEUTRAL,0.0,True,conviction_below_threshold (0.300 < 0.4)
2024-11-22 08:15:00+00:00,CE,NEUTRAL,NEUTRAL,0.0,True,conviction_below_threshold (0.300 < 0.4)
2024-11-22 08:45:00+00:00,NEUTRAL,NEUTRAL,NEUTRAL,0.0,True,conviction_below_threshold (0.300 < 0.4)
2024-11-22 09:15:00+00:00,CE,NEUTRAL,NEUTRAL,0.0,True,conviction_below_threshold (0.300 < 0.4)
2024-11-22 09:45:00+00:00,NEUTRAL,NEUTRAL,NEUTRAL,0.0,True,conviction_below_threshold (0.300 < 0.4)
2024-11-25 03:45:00+00:00,CE,NEUTRAL,NEUTRAL,0.0,True,conviction_below_threshold (0.300 < 0.4)
2024-11-25 04:15:00+00:00,PE,NEUTRAL,NEUTRAL,0.0,True,conviction_below_threshold (0.300 < 0.4)
2024-11-25 04:45:00+00:00,NEUTRAL,NEUTRAL,NEUTRAL,0.0,True,conviction_below_threshold (0.300 < 0.4)
2024-11-25 05:15:00+00:00,NEUTRAL,NEUTRAL,NEUTRAL,0.0,True,conviction_below_threshold (0.300 < 0.4)
2024-11-25 05:45:00+00:00,NEUTRAL,NEUTRAL,NEUTRAL,0.0,True,conviction_below_threshold (0.300 < 0.4)
2024-11-25 06:15:00+00:00,PE,NEUTRAL,NEUTRAL,0.0,True,conviction_below_threshold (0.300 < 0.4)
2024-11-25 06:45:00+00:00,NEUTRAL,NEUTRAL,NEUTRAL,0.0,True,conviction_below_threshold (0.300 < 0.4)
2024-11-25 07:15:00+00:00,CE,NEUTRAL,NEUTRAL,0.0,True,conviction_below_threshold (0.300 < 0.4)
2024-11-25 07:45:00+00:00,PE,NEUTRAL,NEUTRAL,0.0,True,conviction_below_threshold (0.300 < 0.4)
2024-11-25 08:15:00+00:00,CE,NEUTRAL,NEUTRAL,0.0,True,conviction_below_threshold (0.300 < 0.4)
2024-11-25 08:45:00+00:00,NEUTRAL,NEUTRAL,NEUTRAL,0.0,True,conviction_below_threshold (0.300 < 0.4)
2024-11-25 09:15:00+00:00,NEUTRAL,NEUTRAL,NEUTRAL,0.0,True,conviction_below_threshold (0.300 < 0.4)
2024-11-25 09:45:00+00:00,NEUTRAL,NEUTRAL,NEUTRAL,0.0,True,conviction_below_threshold (0.300 < 0.4)
2024-11-26 03:45:00+00:00,NEUTRAL,NEUTRAL,NEUTRAL,0.0,True,conviction_below_threshold (0.300 < 0.4)
2024-11-26 04:15:00+00:00,PE,NEUTRAL,NEUTRAL,0.0,True,conviction_below_threshold (0.300 < 0.4)
2024-11-26 04:45:00+00:00,NEUTRAL,NEUTRAL,NEUTRAL,0.0,True,conviction_below_threshold (0.300 < 0.4)
2024-11-26 05:15:00+00:00,PE,NEUTRAL,NEUTRAL,0.0,True,conviction_below_threshold (0.300 < 0.4)
2024-11-26 05:45:00+00:00,CE,NEUTRAL,NEUTRAL,0.0,True,conviction_below_threshold (0.300 < 0.4)
2024-11-26 06:15:00+00:00,PE,NEUTRAL,NEUTRAL,0.0,True,conviction_below_threshold (0.300 < 0.4)
2024-11-26 06:45:00+00:00,CE,NEUTRAL,NEUTRAL,0.0,True,conviction_below_threshold (0.300 < 0.4)
2024-11-26 07:15:00+00:00,NEUTRAL,NEUTRAL,NEUTRAL,0.0,True,conviction_below_threshold (0.300 < 0.4)
2024-11-26 07:45:00+00:00,PE,NEUTRAL,NEUTRAL,0.0,True,conviction_below_threshold (0.300 < 0.4)
2024-11-26 08:15:00+00:00,NEUTRAL,NEUTRAL,NEUTRAL,0.0,True,conviction_below_threshold (0.300 < 0.4)
2024-11-26 08:45:00+00:00,PE,NEUTRAL,NEUTRAL,0.0,True,conviction_below_threshold (0.300 < 0.4)
2024-11-26 09:15:00+00:00,CE,NEUTRAL,NEUTRAL,0.0,True,conviction_below_threshold (0.300 < 0.4)
2024-11-26 09:45:00+00:00,PE,NEUTRAL,NEUTRAL,0.0,True,conviction_below_threshold (0.300 < 0.4)
2024-11-27 03:45:00+00:00,PE,NEUTRAL,NEUTRAL,0.0,True,adx_below_threshold (16.0 < 20.0)
2024-11-27 04:15:00+00:00,PE,NEUTRAL,NEUTRAL,0.0,True,adx_below_threshold (16.0 < 20.0)
2024-11-27 04:45:00+00:00,PE,NEUTRAL,NEUTRAL,0.0,True,adx_below_threshold (16.0 < 20.0)
2024-11-27 05:15:00+00:00,PE,NEUTRAL,NEUTRAL,0.0,True,adx_below_threshold (16.0 < 20.0)
2024-11-27 05:45:00+00:00,PE,NEUTRAL,NEUTRAL,0.0,True,adx_below_threshold (16.0 < 20.0)
2024-11-27 06:15:00+00:00,PE,NEUTRAL,NEUTRAL,0.0,True,adx_below_threshold (16.0 < 20.0)
2024-11-27 06:45:00+00:00,PE,NEUTRAL,NEUTRAL,0.0,True,adx_below_threshold (16.0 < 20.0)
2024-11-27 07:15:00+00:00,CE,NEUTRAL,NEUTRAL,0.0,True,adx_below_threshold (16.0 < 20.0)
2024-11-27 07:45:00+00:00,PE,NEUTRAL,NEUTRAL,0.0,True,adx_below_threshold (16.0 < 20.0)
2024-11-27 08:15:00+00:00,NEUTRAL,NEUTRAL,NEUTRAL,0.0,True,adx_below_threshold (16.0 < 20.0)
2024-11-27 08:45:00+00:00,PE,NEUTRAL,NEUTRAL,0.0,True,adx_below_threshold (16.0 < 20.0)
2024-11-27 09:15:00+00:00,PE,NEUTRAL,NEUTRAL,0.0,True,adx_below_threshold (16.0 < 20.0)
2024-11-27 09:45:00+00:00,CE,NEUTRAL,NEUTRAL,0.0,True,adx_below_threshold (16.0 < 20.0)
2024-11-28 03:45:00+00:00,PE,NEUTRAL,NEUTRAL,0.0,True,adx_below_threshold (13.6 < 20.0)
2024-11-28 04:15:00+00:00,PE,NEUTRAL,NEUTRAL,0.0,True,adx_below_threshold (13.6 < 20.0)
2024-11-28 04:45:00+00:00,PE,NEUTRAL,NEUTRAL,0.0,True,adx_below_threshold (13.6 < 20.0)
2024-11-28 05:15:00+00:00,PE,NEUTRAL,NEUTRAL,0.0,True,adx_below_threshold (13.6 < 20.0)
2024-11-28 05:45:00+00:00,NEUTRAL,NEUTRAL,NEUTRAL,0.0,True,adx_below_threshold (13.6 < 20.0)
2024-11-28 06:15:00+00:00,NEUTRAL,NEUTRAL,NEUTRAL,0.0,True,adx_below_threshold (13.6 < 20.0)
2024-11-28 06:45:00+00:00,PE,NEUTRAL,NEUTRAL,0.0,True,adx_below_threshold (13.6 < 20.0)
2024-11-28 07:15:00+00:00,PE,NEUTRAL,NEUTRAL,0.0,True,adx_below_threshold (13.6 < 20.0)
2024-11-28 07:45:00+00:00,NEUTRAL,NEUTRAL,NEUTRAL,0.0,True,adx_below_threshold (13.6 < 20.0)
2024-11-28 08:15:00+00:00,PE,NEUTRAL,NEUTRAL,0.0,True,adx_below_threshold (13.6 < 20.0)
2024-11-28 08:45:00+00:00,NEUTRAL,NEUTRAL,NEUTRAL,0.0,True,adx_below_threshold (13.6 < 20.0)
2024-11-28 09:15:00+00:00,PE,NEUTRAL,NEUTRAL,0.0,True,adx_below_threshold (13.6 < 20.0)
2024-11-28 09:45:00+00:00,PE,NEUTRAL,NEUTRAL,0.0,True,adx_below_threshold (13.6 < 20.0)
2024-11-29 03:45:00+00:00,PE,NEUTRAL,NEUTRAL,0.0,True,adx_below_threshold (10.3 < 20.0)
2024-11-29 04:15:00+00:00,PE,NEUTRAL,NEUTRAL,0.0,True,adx_below_threshold (10.3 < 20.0)
2024-11-29 04:45:00+00:00,PE,NEUTRAL,NEUTRAL,0.0,True,adx_below_threshold (10.3 < 20.0)
2024-11-29 05:15:00+00:00,PE,NEUTRAL,NEUTRAL,0.0,True,adx_below_threshold (10.3 < 20.0)
2024-11-29 05:45:00+00:00,NEUTRAL,NEUTRAL,NEUTRAL,0.0,True,adx_below_threshold (10.3 < 20.0)
2024-11-29 06:15:00+00:00,NEUTRAL,NEUTRAL,NEUTRAL,0.0,True,adx_below_threshold (10.3 < 20.0)
2024-11-29 06:45:00+00:00,NEUTRAL,NEUTRAL,NEUTRAL,0.0,True,adx_below_threshold (10.3 < 20.0)
2024-11-29 07:15:00+00:00,NEUTRAL,NEUTRAL,NEUTRAL,0.0,True,adx_below_threshold (10.3 < 20.0)
2024-11-29 07:45:00+00:00,CE,NEUTRAL,NEUTRAL,0.0,True,adx_below_threshold (10.3 < 20.0)
2024-11-29 08:15:00+00:00,CE,NEUTRAL,NEUTRAL,0.0,True,adx_below_threshold (10.3 < 20.0)
2024-11-29 08:45:00+00:00,PE,NEUTRAL,NEUTRAL,0.0,True,adx_below_threshold (10.3 < 20.0)
2024-11-29 09:15:00+00:00,PE,NEUTRAL,NEUTRAL,0.0,True,adx_below_threshold (10.3 < 20.0)
2024-11-29 09:45:00+00:00,PE,NEUTRAL,NEUTRAL,0.0,True,adx_below_threshold (10.3 < 20.0)
2024-12-02 03:45:00+00:00,PE,NEUTRAL,NEUTRAL,0.0,True,adx_below_threshold (10.0 < 20.0)
2024-12-02 04:15:00+00:00,PE,NEUTRAL,NEUTRAL,0.0,True,adx_below_threshold (10.0 < 20.0)
2024-12-02 04:45:00+00:00,PE,NEUTRAL,NEUTRAL,0.0,True,adx_below_threshold (10.0 < 20.0)
2024-12-02 05:15:00+00:00,PE,NEUTRAL,NEUTRAL,0.0,True,adx_below_threshold (10.0 < 20.0)
2024-12-02 05:45:00+00:00,PE,NEUTRAL,NEUTRAL,0.0,True,adx_below_threshold (10.0 < 20.0)
2024-12-02 06:15:00+00:00,PE,NEUTRAL,NEUTRAL,0.0,True,adx_below_threshold (10.0 < 20.0)
2024-12-02 06:45:00+00:00,CE,NEUTRAL,NEUTRAL,0.0,True,adx_below_threshold (10.0 < 20.0)
2024-12-02 07:15:00+00:00,PE,NEUTRAL,NEUTRAL,0.0,True,adx_below_threshold (10.0 < 20.0)
2024-12-02 07:45:00+00:00,CE,NEUTRAL,NEUTRAL,0.0,True,adx_below_threshold (10.0 < 20.0)
2024-12-02 08:15:00+00:00,PE,NEUTRAL,NEUTRAL,0.0,True,adx_below_threshold (10.0 < 20.0)
2024-12-02 08:45:00+00:00,PE,NEUTRAL,NEUTRAL,0.0,True,adx_below_threshold (10.0 < 20.0)
2024-12-02 09:15:00+00:00,PE,NEUTRAL,NEUTRAL,0.0,True,adx_below_threshold (10.0 < 20.0)
2024-12-02 09:45:00+00:00,PE,NEUTRAL,NEUTRAL,0.0,True,adx_below_threshold (10.0 < 20.0)
2024-12-03 03:45:00+00:00,NEUTRAL,NEUTRAL,NEUTRAL,0.0,True,adx_below_threshold (10.0 < 20.0)
2024-12-03 04:15:00+00:00,PE,NEUTRAL,NEUTRAL,0.0,True,adx_below_threshold (10.0 < 20.0)
2024-12-03 04:45:00+00:00,PE,NEUTRAL,NEUTRAL,0.0,True,adx_below_threshold (10.0 < 20.0)
2024-12-03 05:15:00+00:00,CE,NEUTRAL,NEUTRAL,0.0,True,adx_below_threshold (10.0 < 20.0)
2024-12-03 05:45:00+00:00,PE,NEUTRAL,NEUTRAL,0.0,True,adx_below_threshold (10.0 < 20.0)
2024-12-03 06:15:00+00:00,PE,NEUTRAL,NEUTRAL,0.0,True,adx_below_threshold (10.0 < 20.0)
2024-12-03 06:45:00+00:00,NEUTRAL,NEUTRAL,NEUTRAL,0.0,True,adx_below_threshold (10.0 < 20.0)
2024-12-03 07:15:00+00:00,NEUTRAL,NEUTRAL,NEUTRAL,0.0,True,adx_below_threshold (10.0 < 20.0)
2024-12-03 07:45:00+00:00,NEUTRAL,NEUTRAL,NEUTRAL,0.0,True,adx_below_threshold (10.0 < 20.0)
2024-12-03 08:15:00+00:00,NEUTRAL,NEUTRAL,NEUTRAL,0.0,True,adx_below_threshold (10.0 < 20.0)
2024-12-03 08:45:00+00:00,PE,NEUTRAL,NEUTRAL,0.0,True,adx_below_threshold (10.0 < 20.0)
2024-12-03 09:15:00+00:00,PE,NEUTRAL,NEUTRAL,0.0,True,adx_below_threshold (10.0 < 20.0)
2024-12-03 09:45:00+00:00,PE,NEUTRAL,NEUTRAL,0.0,True,adx_below_threshold (10.0 < 20.0)
2024-12-04 03:45:00+00:00,CE,NEUTRAL,NEUTRAL,0.0,True,adx_below_threshold (17.7 < 20.0)
2024-12-04 04:15:00+00:00,NEUTRAL,NEUTRAL,NEUTRAL,0.0,True,adx_below_threshold (17.7 < 20.0)
2024-12-04 04:45:00+00:00,CE,NEUTRAL,NEUTRAL,0.0,True,adx_below_threshold (17.7 < 20.0)
2024-12-04 05:15:00+00:00,PE,NEUTRAL,NEUTRAL,0.0,True,adx_below_threshold (17.7 < 20.0)
2024-12-04 05:45:00+00:00,NEUTRAL,NEUTRAL,NEUTRAL,0.0,True,adx_below_threshold (17.7 < 20.0)
2024-12-04 06:15:00+00:00,NEUTRAL,NEUTRAL,NEUTRAL,0.0,True,adx_below_threshold (17.7 < 20.0)
2024-12-04 06:45:00+00:00,PE,NEUTRAL,NEUTRAL,0.0,True,adx_below_threshold (17.7 < 20.0)
2024-12-04 07:15:00+00:00,PE,NEUTRAL,NEUTRAL,0.0,True,adx_below_threshold (17.7 < 20.0)
2024-12-04 07:45:00+00:00,NEUTRAL,NEUTRAL,NEUTRAL,0.0,True,adx_below_threshold (17.7 < 20.0)
2024-12-04 08:15:00+00:00,CE,NEUTRAL,NEUTRAL,0.0,True,adx_below_threshold (17.7 < 20.0)
2024-12-04 08:45:00+00:00,NEUTRAL,NEUTRAL,NEUTRAL,0.0,True,adx_below_threshold (17.7 < 20.0)
2024-12-04 09:15:00+00:00,NEUTRAL,NEUTRAL,NEUTRAL,0.0,True,adx_below_threshold (17.7 < 20.0)
2024-12-04 09:45:00+00:00,NEUTRAL,NEUTRAL,NEUTRAL,0.0,True,adx_below_threshold (17.7 < 20.0)
2024-12-05 03:45:00+00:00,PE,NEUTRAL,NEUTRAL,0.0,True,conviction_below_threshold (0.300 < 0.4)
2024-12-05 04:15:00+00:00,NEUTRAL,NEUTRAL,NEUTRAL,0.0,True,conviction_below_threshold (0.300 < 0.4)
2024-12-05 04:45:00+00:00,PE,NEUTRAL,NEUTRAL,0.0,True,conviction_below_threshold (0.300 < 0.4)
2024-12-05 05:15:00+00:00,NEUTRAL,NEUTRAL,NEUTRAL,0.0,True,conviction_below_threshold (0.300 < 0.4)
2024-12-05 05:45:00+00:00,PE,NEUTRAL,NEUTRAL,0.0,True,conviction_below_threshold (0.300 < 0.4)
2024-12-05 06:15:00+00:00,PE,NEUTRAL,NEUTRAL,0.0,True,conviction_below_threshold (0.300 < 0.4)
2024-12-05 06:45:00+00:00,NEUTRAL,NEUTRAL,NEUTRAL,0.0,True,conviction_below_threshold (0.300 < 0.4)
2024-12-05 07:15:00+00:00,PE,NEUTRAL,NEUTRAL,0.0,True,conviction_below_threshold (0.300 < 0.4)
2024-12-05 07:45:00+00:00,PE,NEUTRAL,NEUTRAL,0.0,True,conviction_below_threshold (0.300 < 0.4)
2024-12-05 08:15:00+00:00,NEUTRAL,NEUTRAL,NEUTRAL,0.0,True,conviction_below_threshold (0.300 < 0.4)
2024-12-05 08:45:00+00:00,NEUTRAL,NEUTRAL,NEUTRAL,0.0,True,conviction_below_threshold (0.300 < 0.4)
2024-12-05 09:15:00+00:00,NEUTRAL,NEUTRAL,NEUTRAL,0.0,True,conviction_below_threshold (0.300 < 0.4)
2024-12-05 09:45:00+00:00,PE,NEUTRAL,NEUTRAL,0.0,True,conviction_below_threshold (0.300 < 0.4)
2024-12-06 03:45:00+00:00,PE,NEUTRAL,NEUTRAL,0.0,True,conviction_below_threshold (0.300 < 0.4)
2024-12-06 04:15:00+00:00,CE,NEUTRAL,NEUTRAL,0.0,True,conviction_below_threshold (0.300 < 0.4)
2024-12-06 04:45:00+00:00,PE,NEUTRAL,NEUTRAL,0.0,True,conviction_below_threshold (0.300 < 0.4)
2024-12-06 05:15:00+00:00,CE,NEUTRAL,NEUTRAL,0.0,True,conviction_below_threshold (0.300 < 0.4)
2024-12-06 05:45:00+00:00,NEUTRAL,NEUTRAL,NEUTRAL,0.0,True,conviction_below_threshold (0.300 < 0.4)
2024-12-06 06:15:00+00:00,NEUTRAL,NEUTRAL,NEUTRAL,0.0,True,conviction_below_threshold (0.300 < 0.4)
2024-12-06 06:45:00+00:00,PE,NEUTRAL,NEUTRAL,0.0,True,conviction_below_threshold (0.300 < 0.4)
2024-12-06 07:15:00+00:00,NEUTRAL,NEUTRAL,NEUTRAL,0.0,True,conviction_below_threshold (0.300 < 0.4)
2024-12-06 07:45:00+00:00,NEUTRAL,NEUTRAL,NEUTRAL,0.0,True,conviction_below_threshold (0.300 < 0.4)
2024-12-06 08:15:00+00:00,NEUTRAL,NEUTRAL,NEUTRAL,0.0,True,conviction_below_threshold (0.300 < 0.4)
2024-12-06 08:45:00+00:00,CE,NEUTRAL,NEUTRAL,0.0,True,conviction_below_threshold (0.300 < 0.4)
2024-12-06 09:15:00+00:00,PE,NEUTRAL,NEUTRAL,0.0,True,conviction_below_threshold (0.300 < 0.4)
2024-12-06 09:45:00+00:00,CE,NEUTRAL,NEUTRAL,0.0,True,conviction_below_threshold (0.300 < 0.4)
2024-12-09 03:45:00+00:00,NEUTRAL,NEUTRAL,NEUTRAL,0.0,True,conviction_below_threshold (0.300 < 0.4)
2024-12-09 04:15:00+00:00,CE,NEUTRAL,NEUTRAL,0.0,True,conviction_below_threshold (0.300 < 0.4)
2024-12-09 04:45:00+00:00,NEUTRAL,NEUTRAL,NEUTRAL,0.0,True,conviction_below_threshold (0.300 < 0.4)
2024-12-09 05:15:00+00:00,PE,NEUTRAL,NEUTRAL,0.0,True,conviction_below_threshold (0.300 < 0.4)
2024-12-09 05:45:00+00:00,CE,NEUTRAL,NEUTRAL,0.0,True,conviction_below_threshold (0.300 < 0.4)
2024-12-09 06:15:00+00:00,PE,NEUTRAL,NEUTRAL,0.0,True,conviction_below_threshold (0.300 < 0.4)
2024-12-09 06:45:00+00:00,PE,NEUTRAL,NEUTRAL,0.0,True,conviction_below_threshold (0.300 < 0.4)
2024-12-09 07:15:00+00:00,PE,NEUTRAL,NEUTRAL,0.0,True,conviction_below_threshold (0.300 < 0.4)
2024-12-09 07:45:00+00:00,PE,NEUTRAL,NEUTRAL,0.0,True,conviction_below_threshold (0.300 < 0.4)
2024-12-09 08:15:00+00:00,PE,NEUTRAL,NEUTRAL,0.0,True,conviction_below_threshold (0.300 < 0.4)
2024-12-09 08:45:00+00:00,PE,NEUTRAL,NEUTRAL,0.0,True,conviction_below_threshold (0.300 < 0.4)
2024-12-09 09:15:00+00:00,PE,NEUTRAL,NEUTRAL,0.0,True,conviction_below_threshold (0.300 < 0.4)
2024-12-09 09:45:00+00:00,CE,NEUTRAL,NEUTRAL,0.0,True,conviction_below_threshold (0.300 < 0.4)
2024-12-10 03:45:00+00:00,NEUTRAL,NEUTRAL,NEUTRAL,0.0,True,conviction_below_threshold (0.300 < 0.4)
2024-12-10 04:15:00+00:00,NEUTRAL,NEUTRAL,NEUTRAL,0.0,True,conviction_below_threshold (0.300 < 0.4)
2024-12-10 04:45:00+00:00,NEUTRAL,NEUTRAL,NEUTRAL,0.0,True,conviction_below_threshold (0.300 < 0.4)
2024-12-10 05:15:00+00:00,CE,NEUTRAL,NEUTRAL,0.0,True,conviction_below_threshold (0.300 < 0.4)
2024-12-10 05:45:00+00:00,CE,NEUTRAL,NEUTRAL,0.0,True,conviction_below_threshold (0.300 < 0.4)
2024-12-10 06:15:00+00:00,NEUTRAL,NEUTRAL,NEUTRAL,0.0,True,conviction_below_threshold (0.300 < 0.4)
2024-12-10 06:45:00+00:00,NEUTRAL,NEUTRAL,NEUTRAL,0.0,True,conviction_below_threshold (0.300 < 0.4)
2024-12-10 07:15:00+00:00,CE,NEUTRAL,NEUTRAL,0.0,True,conviction_below_threshold (0.300 < 0.4)
2024-12-10 07:45:00+00:00,PE,NEUTRAL,NEUTRAL,0.0,True,conviction_below_threshold (0.300 < 0.4)
2024-12-10 08:15:00+00:00,NEUTRAL,NEUTRAL,NEUTRAL,0.0,True,conviction_below_threshold (0.300 < 0.4)
2024-12-10 08:45:00+00:00,NEUTRAL,NEUTRAL,NEUTRAL,0.0,True,conviction_below_threshold (0.300 < 0.4)
2024-12-10 09:15:00+00:00,PE,NEUTRAL,NEUTRAL,0.0,True,conviction_below_threshold (0.300 < 0.4)
2024-12-10 09:45:00+00:00,PE,NEUTRAL,NEUTRAL,0.0,True,conviction_below_threshold (0.300 < 0.4)
2024-12-11 03:45:00+00:00,PE,NEUTRAL,NEUTRAL,0.0,True,conviction_below_threshold (0.300 < 0.4)
2024-12-11 04:15:00+00:00,CE,NEUTRAL,NEUTRAL,0.0,True,conviction_below_threshold (0.300 < 0.4)
2024-12-11 04:45:00+00:00,NEUTRAL,NEUTRAL,NEUTRAL,0.0,True,conviction_below_threshold (0.300 < 0.4)
2024-12-11 05:15:00+00:00,PE,NEUTRAL,NEUTRAL,0.0,True,conviction_below_threshold (0.300 < 0.4)
2024-12-11 05:45:00+00:00,PE,NEUTRAL,NEUTRAL,0.0,True,conviction_below_threshold (0.300 < 0.4)
2024-12-11 06:15:00+00:00,CE,NEUTRAL,NEUTRAL,0.0,True,conviction_below_threshold (0.300 < 0.4)
2024-12-11 06:45:00+00:00,PE,NEUTRAL,NEUTRAL,0.0,True,conviction_below_threshold (0.300 < 0.4)
2024-12-11 07:15:00+00:00,PE,NEUTRAL,NEUTRAL,0.0,True,conviction_below_threshold (0.300 < 0.4)
2024-12-11 07:45:00+00:00,NEUTRAL,NEUTRAL,NEUTRAL,0.0,True,conviction_below_threshold (0.300 < 0.4)
2024-12-11 08:15:00+00:00,NEUTRAL,NEUTRAL,NEUTRAL,0.0,True,conviction_below_threshold (0.300 < 0.4)
2024-12-11 08:45:00+00:00,PE,NEUTRAL,NEUTRAL,0.0,True,conviction_below_threshold (0.300 < 0.4)
2024-12-11 09:15:00+00:00,NEUTRAL,NEUTRAL,NEUTRAL,0.0,True,conviction_below_threshold (0.300 < 0.4)
2024-12-11 09:45:00+00:00,CE,NEUTRAL,NEUTRAL,0.0,True,conviction_below_threshold (0.300 < 0.4)
2024-12-12 03:45:00+00:00,PE,NEUTRAL,NEUTRAL,0.0,True,conviction_below_threshold (0.300 < 0.4)
2024-12-12 04:15:00+00:00,NEUTRAL,NEUTRAL,NEUTRAL,0.0,True,conviction_below_threshold (0.300 < 0.4)
2024-12-12 04:45:00+00:00,CE,NEUTRAL,NEUTRAL,0.0,True,conviction_below_threshold (0.300 < 0.4)
2024-12-12 05:15:00+00:00,CE,NEUTRAL,NEUTRAL,0.0,True,conviction_below_threshold (0.300 < 0.4)
2024-12-12 05:45:00+00:00,PE,NEUTRAL,NEUTRAL,0.0,True,conviction_below_threshold (0.300 < 0.4)
2024-12-12 06:15:00+00:00,CE,NEUTRAL,NEUTRAL,0.0,True,conviction_below_threshold (0.300 < 0.4)
2024-12-12 06:45:00+00:00,NEUTRAL,NEUTRAL,NEUTRAL,0.0,True,conviction_below_threshold (0.300 < 0.4)
2024-12-12 07:15:00+00:00,PE,NEUTRAL,NEUTRAL,0.0,True,conviction_below_threshold (0.300 < 0.4)
2024-12-12 07:45:00+00:00,NEUTRAL,NEUTRAL,NEUTRAL,0.0,True,conviction_below_threshold (0.300 < 0.4)
2024-12-12 08:15:00+00:00,NEUTRAL,NEUTRAL,NEUTRAL,0.0,True,conviction_below_threshold (0.300 < 0.4)
2024-12-12 08:45:00+00:00,NEUTRAL,NEUTRAL,NEUTRAL,0.0,True,conviction_below_threshold (0.300 < 0.4)
2024-12-12 09:15:00+00:00,NEUTRAL,NEUTRAL,NEUTRAL,0.0,True,conviction_below_threshold (0.300 < 0.4)
2024-12-12 09:45:00+00:00,NEUTRAL,NEUTRAL,NEUTRAL,0.0,True,conviction_below_threshold (0.300 < 0.4)
2024-12-13 03:45:00+00:00,CE,NEUTRAL,NEUTRAL,0.0,True,conviction_below_threshold (0.300 < 0.4)
2024-12-13 04:15:00+00:00,CE,NEUTRAL,NEUTRAL,0.0,True,conviction_below_threshold (0.300 < 0.4)
2024-12-13 04:45:00+00:00,CE,NEUTRAL,NEUTRAL,0.0,True,conviction_below_threshold (0.300 < 0.4)
2024-12-13 05:15:00+00:00,PE,NEUTRAL,NEUTRAL,0.0,True,conviction_below_threshold (0.300 < 0.4)
2024-12-13 05:45:00+00:00,NEUTRAL,NEUTRAL,NEUTRAL,0.0,True,conviction_below_threshold (0.300 < 0.4)
2024-12-13 06:15:00+00:00,PE,NEUTRAL,NEUTRAL,0.0,True,conviction_below_threshold (0.300 < 0.4)
2024-12-13 06:45:00+00:00,PE,NEUTRAL,NEUTRAL,0.0,True,conviction_below_threshold (0.300 < 0.4)
2024-12-13 07:15:00+00:00,NEUTRAL,NEUTRAL,NEUTRAL,0.0,True,conviction_below_threshold (0.300 < 0.4)
2024-12-13 07:45:00+00:00,NEUTRAL,NEUTRAL,NEUTRAL,0.0,True,conviction_below_threshold (0.300 < 0.4)
2024-12-13 08:15:00+00:00,PE,NEUTRAL,NEUTRAL,0.0,True,conviction_below_threshold (0.300 < 0.4)
2024-12-13 08:45:00+00:00,NEUTRAL,NEUTRAL,NEUTRAL,0.0,True,conviction_below_threshold (0.300 < 0.4)
2024-12-13 09:15:00+00:00,PE,NEUTRAL,NEUTRAL,0.0,True,conviction_below_threshold (0.300 < 0.4)
2024-12-13 09:45:00+00:00,CE,NEUTRAL,NEUTRAL,0.0,True,conviction_below_threshold (0.300 < 0.4)
2024-12-16 03:45:00+00:00,NEUTRAL,NEUTRAL,NEUTRAL,0.0,True,conviction_below_threshold (0.300 < 0.4)
2024-12-16 04:15:00+00:00,CE,NEUTRAL,NEUTRAL,0.0,True,conviction_below_threshold (0.300 < 0.4)
2024-12-16 04:45:00+00:00,CE,NEUTRAL,NEUTRAL,0.0,True,conviction_below_threshold (0.300 < 0.4)
2024-12-16 05:15:00+00:00,NEUTRAL,NEUTRAL,NEUTRAL,0.0,True,conviction_below_threshold (0.300 < 0.4)
2024-12-16 05:45:00+00:00,PE,NEUTRAL,NEUTRAL,0.0,True,conviction_below_threshold (0.300 < 0.4)
2024-12-16 06:15:00+00:00,PE,NEUTRAL,NEUTRAL,0.0,True,conviction_below_threshold (0.300 < 0.4)
2024-12-16 06:45:00+00:00,PE,NEUTRAL,NEUTRAL,0.0,True,conviction_below_threshold (0.300 < 0.4)
2024-12-16 07:15:00+00:00,CE,NEUTRAL,NEUTRAL,0.0,True,conviction_below_threshold (0.300 < 0.4)
2024-12-16 07:45:00+00:00,PE,NEUTRAL,NEUTRAL,0.0,True,conviction_below_threshold (0.300 < 0.4)
2024-12-16 08:15:00+00:00,NEUTRAL,NEUTRAL,NEUTRAL,0.0,True,conviction_below_threshold (0.300 < 0.4)
2024-12-16 08:45:00+00:00,NEUTRAL,NEUTRAL,NEUTRAL,0.0,True,conviction_below_threshold (0.300 < 0.4)
2024-12-16 09:15:00+00:00,CE,NEUTRAL,NEUTRAL,0.0,True,conviction_below_threshold (0.300 < 0.4)
2024-12-16 09:45:00+00:00,CE,NEUTRAL,NEUTRAL,0.0,True,conviction_below_threshold (0.300 < 0.4)
2024-12-17 03:45:00+00:00,CE,NEUTRAL,NEUTRAL,0.0,True,conviction_below_threshold (0.300 < 0.4)
2024-12-17 04:15:00+00:00,CE,NEUTRAL,NEUTRAL,0.0,True,conviction_below_threshold (0.300 < 0.4)
2024-12-17 04:45:00+00:00,PE,NEUTRAL,NEUTRAL,0.0,True,conviction_below_threshold (0.300 < 0.4)
2024-12-17 05:15:00+00:00,CE,NEUTRAL,NEUTRAL,0.0,True,conviction_below_threshold (0.300 < 0.4)
2024-12-17 05:45:00+00:00,CE,NEUTRAL,NEUTRAL,0.0,True,conviction_below_threshold (0.300 < 0.4)
2024-12-17 06:15:00+00:00,NEUTRAL,NEUTRAL,NEUTRAL,0.0,True,conviction_below_threshold (0.300 < 0.4)
2024-12-17 06:45:00+00:00,NEUTRAL,NEUTRAL,NEUTRAL,0.0,True,conviction_below_threshold (0.300 < 0.4)
2024-12-17 07:15:00+00:00,NEUTRAL,NEUTRAL,NEUTRAL,0.0,True,conviction_below_threshold (0.300 < 0.4)
2024-12-17 07:45:00+00:00,NEUTRAL,NEUTRAL,NEUTRAL,0.0,True,conviction_below_threshold (0.300 < 0.4)
2024-12-17 08:15:00+00:00,NEUTRAL,NEUTRAL,NEUTRAL,0.0,True,conviction_below_threshold (0.300 < 0.4)
2024-12-17 08:45:00+00:00,PE,NEUTRAL,NEUTRAL,0.0,True,conviction_below_threshold (0.300 < 0.4)
2024-12-17 09:15:00+00:00,NEUTRAL,NEUTRAL,NEUTRAL,0.0,True,conviction_below_threshold (0.300 < 0.4)
2024-12-17 09:45:00+00:00,PE,NEUTRAL,NEUTRAL,0.0,True,conviction_below_threshold (0.300 < 0.4)
2024-12-18 03:45:00+00:00,PE,NEUTRAL,NEUTRAL,0.0,True,conviction_below_threshold (0.300 < 0.4)
2024-12-18 04:15:00+00:00,NEUTRAL,NEUTRAL,NEUTRAL,0.0,True,conviction_below_threshold (0.300 < 0.4)
2024-12-18 04:45:00+00:00,PE,NEUTRAL,NEUTRAL,0.0,True,conviction_below_threshold (0.300 < 0.4)
2024-12-18 05:15:00+00:00,NEUTRAL,NEUTRAL,NEUTRAL,0.0,True,conviction_below_threshold (0.300 < 0.4)
2024-12-18 05:45:00+00:00,NEUTRAL,NEUTRAL,NEUTRAL,0.0,True,conviction_below_threshold (0.300 < 0.4)
2024-12-18 06:15:00+00:00,PE,NEUTRAL,NEUTRAL,0.0,True,conviction_below_threshold (0.300 < 0.4)
2024-12-18 06:45:00+00:00,NEUTRAL,NEUTRAL,NEUTRAL,0.0,True,conviction_below_threshold (0.300 < 0.4)
2024-12-18 07:15:00+00:00,NEUTRAL,NEUTRAL,NEUTRAL,0.0,True,conviction_below_threshold (0.300 < 0.4)
2024-12-18 07:45:00+00:00,CE,NEUTRAL,NEUTRAL,0.0,True,conviction_below_threshold (0.300 < 0.4)
2024-12-18 08:15:00+00:00,CE,NEUTRAL,NEUTRAL,0.0,True,conviction_below_threshold (0.300 < 0.4)
2024-12-18 08:45:00+00:00,NEUTRAL,NEUTRAL,NEUTRAL,0.0,True,conviction_below_threshold (0.300 < 0.4)
2024-12-18 09:15:00+00:00,NEUTRAL,NEUTRAL,NEUTRAL,0.0,True,conviction_below_threshold (0.300 < 0.4)
2024-12-18 09:45:00+00:00,CE,NEUTRAL,NEUTRAL,0.0,True,conviction_below_threshold (0.300 < 0.4)
2024-12-19 03:45:00+00:00,NEUTRAL,NEUTRAL,NEUTRAL,0.0,True,conviction_below_threshold (0.300 < 0.4)
2024-12-19 04:15:00+00:00,CE,NEUTRAL,NEUTRAL,0.0,True,conviction_below_threshold (0.300 < 0.4)
2024-12-19 04:45:00+00:00,CE,NEUTRAL,NEUTRAL,0.0,True,conviction_below_threshold (0.300 < 0.4)
2024-12-19 05:15:00+00:00,PE,NEUTRAL,NEUTRAL,0.0,True,conviction_below_threshold (0.300 < 0.4)
2024-12-19 05:45:00+00:00,CE,NEUTRAL,NEUTRAL,0.0,True,conviction_below_threshold (0.300 < 0.4)
2024-12-19 06:15:00+00:00,NEUTRAL,NEUTRAL,NEUTRAL,0.0,True,conviction_below_threshold (0.300 < 0.4)
2024-12-19 06:45:00+00:00,NEUTRAL,NEUTRAL,NEUTRAL,0.0,True,conviction_below_threshold (0.300 < 0.4)
2024-12-19 07:15:00+00:00,CE,NEUTRAL,NEUTRAL,0.0,True,conviction_below_threshold (0.300 < 0.4)
2024-12-19 07:45:00+00:00,NEUTRAL,NEUTRAL,NEUTRAL,0.0,True,conviction_below_threshold (0.300 < 0.4)
2024-12-19 08:15:00+00:00,NEUTRAL,NEUTRAL,NEUTRAL,0.0,True,conviction_below_threshold (0.300 < 0.4)
2024-12-19 08:45:00+00:00,NEUTRAL,NEUTRAL,NEUTRAL,0.0,True,conviction_below_threshold (0.300 < 0.4)
2024-12-19 09:15:00+00:00,NEUTRAL,NEUTRAL,NEUTRAL,0.0,True,conviction_below_threshold (0.300 < 0.4)
2024-12-19 09:45:00+00:00,PE,NEUTRAL,NEUTRAL,0.0,True,conviction_below_threshold (0.300 < 0.4)
2024-12-20 03:45:00+00:00,NEUTRAL,NEUTRAL,NEUTRAL,0.0,True,conviction_below_threshold (0.300 < 0.4)
2024-12-20 04:15:00+00:00,PE,NEUTRAL,NEUTRAL,0.0,True,conviction_below_threshold (0.300 < 0.4)
2024-12-20 04:45:00+00:00,NEUTRAL,NEUTRAL,NEUTRAL,0.0,True,conviction_below_threshold (0.300 < 0.4)
2024-12-20 05:15:00+00:00,CE,NEUTRAL,NEUTRAL,0.0,True,conviction_below_threshold (0.300 < 0.4)
2024-12-20 05:45:00+00:00,NEUTRAL,NEUTRAL,NEUTRAL,0.0,True,conviction_below_threshold (0.300 < 0.4)
2024-12-20 06:15:00+00:00,NEUTRAL,NEUTRAL,NEUTRAL,0.0,True,conviction_below_threshold (0.300 < 0.4)
2024-12-20 06:45:00+00:00,NEUTRAL,NEUTRAL,NEUTRAL,0.0,True,conviction_below_threshold (0.300 < 0.4)
2024-12-20 07:15:00+00:00,NEUTRAL,NEUTRAL,NEUTRAL,0.0,True,conviction_below_threshold (0.300 < 0.4)
2024-12-20 07:45:00+00:00,CE,NEUTRAL,NEUTRAL,0.0,True,conviction_below_threshold (0.300 < 0.4)
2024-12-20 08:15:00+00:00,NEUTRAL,NEUTRAL,NEUTRAL,0.0,True,conviction_below_threshold (0.300 < 0.4)
2024-12-20 08:45:00+00:00,NEUTRAL,NEUTRAL,NEUTRAL,0.0,True,conviction_below_threshold (0.300 < 0.4)
2024-12-20 09:15:00+00:00,NEUTRAL,NEUTRAL,NEUTRAL,0.0,True,conviction_below_threshold (0.300 < 0.4)
2024-12-20 09:45:00+00:00,PE,NEUTRAL,NEUTRAL,0.0,True,conviction_below_threshold (0.300 < 0.4)
2024-12-23 03:45:00+00:00,NEUTRAL,NEUTRAL,NEUTRAL,0.0,True,conviction_below_threshold (0.300 < 0.4)
2024-12-23 04:15:00+00:00,NEUTRAL,NEUTRAL,NEUTRAL,0.0,True,conviction_below_threshold (0.300 < 0.4)
2024-12-23 04:45:00+00:00,PE,NEUTRAL,NEUTRAL,0.0,True,conviction_below_threshold (0.300 < 0.4)
2024-12-23 05:15:00+00:00,PE,NEUTRAL,NEUTRAL,0.0,True,conviction_below_threshold (0.300 < 0.4)
2024-12-23 05:45:00+00:00,CE,NEUTRAL,NEUTRAL,0.0,True,conviction_below_threshold (0.300 < 0.4)
2024-12-23 06:15:00+00:00,PE,NEUTRAL,NEUTRAL,0.0,True,conviction_below_threshold (0.300 < 0.4)
2024-12-23 06:45:00+00:00,NEUTRAL,NEUTRAL,NEUTRAL,0.0,True,conviction_below_threshold (0.300 < 0.4)
2024-12-23 07:15:00+00:00,PE,NEUTRAL,NEUTRAL,0.0,True,conviction_below_threshold (0.300 < 0.4)
2024-12-23 07:45:00+00:00,CE,NEUTRAL,NEUTRAL,0.0,True,conviction_below_threshold (0.300 < 0.4)
2024-12-23 08:15:00+00:00,PE,NEUTRAL,NEUTRAL,0.0,True,conviction_below_threshold (0.300 < 0.4)
2024-12-23 08:45:00+00:00,PE,NEUTRAL,NEUTRAL,0.0,True,conviction_below_threshold (0.300 < 0.4)
2024-12-23 09:15:00+00:00,PE,NEUTRAL,NEUTRAL,0.0,True,conviction_below_threshold (0.300 < 0.4)
2024-12-23 09:45:00+00:00,CE,NEUTRAL,NEUTRAL,0.0,True,conviction_below_threshold (0.300 < 0.4)
